{
  "ABIRoot": {
    "kind": "Root",
    "name": "TopLevel",
    "printedName": "TopLevel",
    "children": [
      {
        "kind": "Import",
        "name": "ADG",
        "printedName": "ADG",
        "declKind": "Import",
        "moduleName": "ADGMaio",
        "declAttributes": [
          "RawDocComment"
        ]
      },
      {
        "kind": "Import",
        "name": "Maio",
        "printedName": "Maio",
        "declKind": "Import",
        "moduleName": "ADGMaio"
      }
    ],
    "json_format_version": 8
  },
  "ConstValues": [
    {
      "filePath": "\/Users\/keisuke.kakinuma\/Documents\/ADG-iOS-SDK\/iOSSDK\/ADG\/ADGAdapters\/ADGMaio\/ADGMaio\/Sources\/MaioInterstitialMediation.swift",
      "kind": "StringLiteral",
      "offset": 639,
      "length": 2,
      "value": "\"\""
    },
    {
      "filePath": "\/Users\/keisuke.kakinuma\/Documents\/ADG-iOS-SDK\/iOSSDK\/ADG\/ADGAdapters\/ADGMaio\/ADGMaio\/Sources\/MaioInterstitialMediation.swift",
      "kind": "BooleanLiteral",
      "offset": 702,
      "length": 5,
      "value": "false"
    },
    {
      "filePath": "\/Users\/keisuke.kakinuma\/Documents\/ADG-iOS-SDK\/iOSSDK\/ADG\/ADGAdapters\/ADGMaio\/ADGMaio\/Sources\/MaioInterstitialMediation.swift",
      "kind": "BooleanLiteral",
      "offset": 781,
      "length": 5,
      "value": "false"
    },
    {
      "filePath": "\/Users\/keisuke.kakinuma\/Documents\/ADG-iOS-SDK\/iOSSDK\/ADG\/ADGAdapters\/ADGMaio\/ADGMaio\/Sources\/MaioInterstitialMediation.swift",
      "kind": "StringLiteral",
      "offset": 1239,
      "length": 9,
      "value": "\"Loading\""
    },
    {
      "filePath": "\/Users\/keisuke.kakinuma\/Documents\/ADG-iOS-SDK\/iOSSDK\/ADG\/ADGAdapters\/ADGMaio\/ADGMaio\/Sources\/MaioInterstitialMediation.swift",
      "kind": "BooleanLiteral",
      "offset": 1321,
      "length": 4,
      "value": "true"
    },
    {
      "filePath": "\/Users\/keisuke.kakinuma\/Documents\/ADG-iOS-SDK\/iOSSDK\/ADG\/ADGAdapters\/ADGMaio\/ADGMaio\/Sources\/MaioInterstitialMediation.swift",
      "kind": "StringLiteral",
      "offset": 1348,
      "length": 2,
      "value": "\"\""
    },
    {
      "filePath": "\/Users\/keisuke.kakinuma\/Documents\/ADG-iOS-SDK\/iOSSDK\/ADG\/ADGAdapters\/ADGMaio\/ADGMaio\/Sources\/MaioInterstitialMediation.swift",
      "kind": "StringLiteral",
      "offset": 1499,
      "length": 19,
      "value": "\"SDK Key is empty.\""
    },
    {
      "filePath": "\/Users\/keisuke.kakinuma\/Documents\/ADG-iOS-SDK\/iOSSDK\/ADG\/ADGAdapters\/ADGMaio\/ADGMaio\/Sources\/MaioInterstitialMediation.swift",
      "kind": "BooleanLiteral",
      "offset": 1539,
      "length": 5,
      "value": "false"
    },
    {
      "filePath": "\/Users\/keisuke.kakinuma\/Documents\/ADG-iOS-SDK\/iOSSDK\/ADG\/ADGAdapters\/ADGMaio\/ADGMaio\/Sources\/MaioInterstitialMediation.swift",
      "kind": "StringLiteral",
      "offset": 1712,
      "length": 33,
      "value": "\"rootViewController is required.\""
    },
    {
      "filePath": "\/Users\/keisuke.kakinuma\/Documents\/ADG-iOS-SDK\/iOSSDK\/ADG\/ADGAdapters\/ADGMaio\/ADGMaio\/Sources\/MaioInterstitialMediation.swift",
      "kind": "BooleanLiteral",
      "offset": 1766,
      "length": 5,
      "value": "false"
    },
    {
      "filePath": "\/Users\/keisuke.kakinuma\/Documents\/ADG-iOS-SDK\/iOSSDK\/ADG\/ADGAdapters\/ADGMaio\/ADGMaio\/Sources\/MaioInterstitialMediation.swift",
      "kind": "StringLiteral",
      "offset": 1917,
      "length": 17,
      "value": "\"param is empty.\""
    },
    {
      "filePath": "\/Users\/keisuke.kakinuma\/Documents\/ADG-iOS-SDK\/iOSSDK\/ADG\/ADGAdapters\/ADGMaio\/ADGMaio\/Sources\/MaioInterstitialMediation.swift",
      "kind": "BooleanLiteral",
      "offset": 1955,
      "length": 5,
      "value": "false"
    },
    {
      "filePath": "\/Users\/keisuke.kakinuma\/Documents\/ADG-iOS-SDK\/iOSSDK\/ADG\/ADGAdapters\/ADGMaio\/ADGMaio\/Sources\/MaioInterstitialMediation.swift",
      "kind": "StringLiteral",
      "offset": 2108,
      "length": 6,
      "value": "\"zone\""
    },
    {
      "filePath": "\/Users\/keisuke.kakinuma\/Documents\/ADG-iOS-SDK\/iOSSDK\/ADG\/ADGAdapters\/ADGMaio\/ADGMaio\/Sources\/MaioInterstitialMediation.swift",
      "kind": "StringLiteral",
      "offset": 2168,
      "length": 18,
      "value": "\"ZoneID is empty.\""
    },
    {
      "filePath": "\/Users\/keisuke.kakinuma\/Documents\/ADG-iOS-SDK\/iOSSDK\/ADG\/ADGAdapters\/ADGMaio\/ADGMaio\/Sources\/MaioInterstitialMediation.swift",
      "kind": "BooleanLiteral",
      "offset": 2207,
      "length": 5,
      "value": "false"
    },
    {
      "filePath": "\/Users\/keisuke.kakinuma\/Documents\/ADG-iOS-SDK\/iOSSDK\/ADG\/ADGAdapters\/ADGMaio\/ADGMaio\/Sources\/MaioInterstitialMediation.swift",
      "kind": "StringLiteral",
      "offset": 2325,
      "length": 18,
      "value": "\"ZoneID is empty.\""
    },
    {
      "filePath": "\/Users\/keisuke.kakinuma\/Documents\/ADG-iOS-SDK\/iOSSDK\/ADG\/ADGAdapters\/ADGMaio\/ADGMaio\/Sources\/MaioInterstitialMediation.swift",
      "kind": "BooleanLiteral",
      "offset": 2364,
      "length": 5,
      "value": "false"
    },
    {
      "filePath": "\/Users\/keisuke.kakinuma\/Documents\/ADG-iOS-SDK\/iOSSDK\/ADG\/ADGAdapters\/ADGMaio\/ADGMaio\/Sources\/MaioInterstitialMediation.swift",
      "kind": "BooleanLiteral",
      "offset": 2772,
      "length": 4,
      "value": "true"
    },
    {
      "filePath": "\/Users\/keisuke.kakinuma\/Documents\/ADG-iOS-SDK\/iOSSDK\/ADG\/ADGAdapters\/ADGMaio\/ADGMaio\/Sources\/MaioInterstitialMediation.swift",
      "kind": "BooleanLiteral",
      "offset": 2985,
      "length": 4,
      "value": "true"
    },
    {
      "filePath": "\/Users\/keisuke.kakinuma\/Documents\/ADG-iOS-SDK\/iOSSDK\/ADG\/ADGAdapters\/ADGMaio\/ADGMaio\/Sources\/MaioInterstitialMediation.swift",
      "kind": "StringLiteral",
      "offset": 3190,
      "length": 10,
      "value": "\"Starting\""
    },
    {
      "filePath": "\/Users\/keisuke.kakinuma\/Documents\/ADG-iOS-SDK\/iOSSDK\/ADG\/ADGAdapters\/ADGMaio\/ADGMaio\/Sources\/MaioInterstitialMediation.swift",
      "kind": "BooleanLiteral",
      "offset": 3317,
      "length": 4,
      "value": "true"
    },
    {
      "filePath": "\/Users\/keisuke.kakinuma\/Documents\/ADG-iOS-SDK\/iOSSDK\/ADG\/ADGAdapters\/ADGMaio\/ADGMaio\/Sources\/MaioInterstitialMediation.swift",
      "kind": "StringLiteral",
      "offset": 3906,
      "length": 11,
      "value": "\"Destroyed\""
    },
    {
      "filePath": "\/Users\/keisuke.kakinuma\/Documents\/ADG-iOS-SDK\/iOSSDK\/ADG\/ADGAdapters\/ADGMaio\/ADGMaio\/Sources\/MaioInterstitialMediation.swift",
      "kind": "StringLiteral",
      "offset": 4185,
      "length": 8,
      "value": "\"called\""
    },
    {
      "filePath": "\/Users\/keisuke.kakinuma\/Documents\/ADG-iOS-SDK\/iOSSDK\/ADG\/ADGAdapters\/ADGMaio\/ADGMaio\/Sources\/MaioInterstitialMediation.swift",
      "kind": "BooleanLiteral",
      "offset": 4342,
      "length": 4,
      "value": "true"
    },
    {
      "filePath": "\/Users\/keisuke.kakinuma\/Documents\/ADG-iOS-SDK\/iOSSDK\/ADG\/ADGAdapters\/ADGMaio\/ADGMaio\/Sources\/MaioInterstitialMediation.swift",
      "kind": "StringLiteral",
      "offset": 4880,
      "length": 8,
      "value": "\"called\""
    },
    {
      "filePath": "\/Users\/keisuke.kakinuma\/Documents\/ADG-iOS-SDK\/iOSSDK\/ADG\/ADGAdapters\/ADGMaio\/ADGMaio\/Sources\/MaioInterstitialMediation.swift",
      "kind": "StringLiteral",
      "offset": 5256,
      "length": 8,
      "value": "\"called\""
    },
    {
      "filePath": "\/Users\/keisuke.kakinuma\/Documents\/ADG-iOS-SDK\/iOSSDK\/ADG\/ADGAdapters\/ADGMaio\/ADGMaio\/Sources\/MaioInterstitialMediation.swift",
      "kind": "StringLiteral",
      "offset": 6084,
      "length": 8,
      "value": "\"called\""
    },
    {
      "filePath": "\/Users\/keisuke.kakinuma\/Documents\/ADG-iOS-SDK\/iOSSDK\/ADG\/ADGAdapters\/ADGMaio\/ADGMaio\/Sources\/MaioInterstitialMediation.swift",
      "kind": "StringLiteral",
      "offset": 6399,
      "length": 28,
      "value": "\"called, zoneId : \""
    },
    {
      "filePath": "\/Users\/keisuke.kakinuma\/Documents\/ADG-iOS-SDK\/iOSSDK\/ADG\/ADGAdapters\/ADGMaio\/ADGMaio\/Sources\/MaioInterstitialMediation.swift",
      "kind": "StringLiteral",
      "offset": 6426,
      "length": 37,
      "value": "\"\""
    },
    {
      "filePath": "\/Users\/keisuke.kakinuma\/Documents\/ADG-iOS-SDK\/iOSSDK\/ADG\/ADGAdapters\/ADGMaio\/ADGMaio\/Sources\/MaioInterstitialMediation.swift",
      "kind": "StringLiteral",
      "offset": 6708,
      "length": 28,
      "value": "\"called, zoneId : \""
    },
    {
      "filePath": "\/Users\/keisuke.kakinuma\/Documents\/ADG-iOS-SDK\/iOSSDK\/ADG\/ADGAdapters\/ADGMaio\/ADGMaio\/Sources\/MaioInterstitialMediation.swift",
      "kind": "StringLiteral",
      "offset": 6735,
      "length": 37,
      "value": "\"\""
    },
    {
      "filePath": "\/Users\/keisuke.kakinuma\/Documents\/ADG-iOS-SDK\/iOSSDK\/ADG\/ADGAdapters\/ADGMaio\/ADGMaio\/Sources\/MaioInterstitialMediation.swift",
      "kind": "StringLiteral",
      "offset": 7122,
      "length": 57,
      "value": "\"called, zoneId : \""
    },
    {
      "filePath": "\/Users\/keisuke.kakinuma\/Documents\/ADG-iOS-SDK\/iOSSDK\/ADG\/ADGAdapters\/ADGMaio\/ADGMaio\/Sources\/MaioInterstitialMediation.swift",
      "kind": "StringLiteral",
      "offset": 7149,
      "length": 1,
      "value": "\", reason : \""
    },
    {
      "filePath": "\/Users\/keisuke.kakinuma\/Documents\/ADG-iOS-SDK\/iOSSDK\/ADG\/ADGAdapters\/ADGMaio\/ADGMaio\/Sources\/MaioInterstitialMediation.swift",
      "kind": "StringLiteral",
      "offset": 7178,
      "length": 37,
      "value": "\"\""
    }
  ]
}