{
  "ABIRoot": {
    "kind": "Root",
    "name": "TopLevel",
    "printedName": "TopLevel",
    "children": [
      {
        "kind": "Import",
        "name": "ADG",
        "printedName": "ADG",
        "declKind": "Import",
        "moduleName": "ADGMaio",
        "declAttributes": [
          "RawDocComment"
        ]
      },
      {
        "kind": "Import",
        "name": "Maio",
        "printedName": "Maio",
        "declKind": "Import",
        "moduleName": "ADGMaio"
      }
    ],
    "json_format_version": 8
  },
  "ConstValues": [
    {
      "filePath": "\/Users\/qa-team\/ADG-iOS-SDK\/iOSSDK\/ADG\/ADGAdapters\/ADGMaio\/ADGMaio\/Sources\/MaioInterstitialMediation.swift",
      "kind": "StringLiteral",
      "offset": 639,
      "length": 2,
      "value": "\"\""
    },
    {
      "filePath": "\/Users\/qa-team\/ADG-iOS-SDK\/iOSSDK\/ADG\/ADGAdapters\/ADGMaio\/ADGMaio\/Sources\/MaioInterstitialMediation.swift",
      "kind": "BooleanLiteral",
      "offset": 742,
      "length": 5,
      "value": "false"
    },
    {
      "filePath": "\/Users\/qa-team\/ADG-iOS-SDK\/iOSSDK\/ADG\/ADGAdapters\/ADGMaio\/ADGMaio\/Sources\/MaioInterstitialMediation.swift",
      "kind": "BooleanLiteral",
      "offset": 821,
      "length": 5,
      "value": "false"
    },
    {
      "filePath": "\/Users\/qa-team\/ADG-iOS-SDK\/iOSSDK\/ADG\/ADGAdapters\/ADGMaio\/ADGMaio\/Sources\/MaioInterstitialMediation.swift",
      "kind": "StringLiteral",
      "offset": 1406,
      "length": 9,
      "value": "\"Loading\""
    },
    {
      "filePath": "\/Users\/qa-team\/ADG-iOS-SDK\/iOSSDK\/ADG\/ADGAdapters\/ADGMaio\/ADGMaio\/Sources\/MaioInterstitialMediation.swift",
      "kind": "BooleanLiteral",
      "offset": 1488,
      "length": 4,
      "value": "true"
    },
    {
      "filePath": "\/Users\/qa-team\/ADG-iOS-SDK\/iOSSDK\/ADG\/ADGAdapters\/ADGMaio\/ADGMaio\/Sources\/MaioInterstitialMediation.swift",
      "kind": "StringLiteral",
      "offset": 1515,
      "length": 2,
      "value": "\"\""
    },
    {
      "filePath": "\/Users\/qa-team\/ADG-iOS-SDK\/iOSSDK\/ADG\/ADGAdapters\/ADGMaio\/ADGMaio\/Sources\/MaioInterstitialMediation.swift",
      "kind": "StringLiteral",
      "offset": 1666,
      "length": 19,
      "value": "\"SDK Key is empty.\""
    },
    {
      "filePath": "\/Users\/qa-team\/ADG-iOS-SDK\/iOSSDK\/ADG\/ADGAdapters\/ADGMaio\/ADGMaio\/Sources\/MaioInterstitialMediation.swift",
      "kind": "BooleanLiteral",
      "offset": 1706,
      "length": 5,
      "value": "false"
    },
    {
      "filePath": "\/Users\/qa-team\/ADG-iOS-SDK\/iOSSDK\/ADG\/ADGAdapters\/ADGMaio\/ADGMaio\/Sources\/MaioInterstitialMediation.swift",
      "kind": "StringLiteral",
      "offset": 1879,
      "length": 33,
      "value": "\"rootViewController is required.\""
    },
    {
      "filePath": "\/Users\/qa-team\/ADG-iOS-SDK\/iOSSDK\/ADG\/ADGAdapters\/ADGMaio\/ADGMaio\/Sources\/MaioInterstitialMediation.swift",
      "kind": "BooleanLiteral",
      "offset": 1933,
      "length": 5,
      "value": "false"
    },
    {
      "filePath": "\/Users\/qa-team\/ADG-iOS-SDK\/iOSSDK\/ADG\/ADGAdapters\/ADGMaio\/ADGMaio\/Sources\/MaioInterstitialMediation.swift",
      "kind": "StringLiteral",
      "offset": 2084,
      "length": 17,
      "value": "\"param is empty.\""
    },
    {
      "filePath": "\/Users\/qa-team\/ADG-iOS-SDK\/iOSSDK\/ADG\/ADGAdapters\/ADGMaio\/ADGMaio\/Sources\/MaioInterstitialMediation.swift",
      "kind": "BooleanLiteral",
      "offset": 2122,
      "length": 5,
      "value": "false"
    },
    {
      "filePath": "\/Users\/qa-team\/ADG-iOS-SDK\/iOSSDK\/ADG\/ADGAdapters\/ADGMaio\/ADGMaio\/Sources\/MaioInterstitialMediation.swift",
      "kind": "StringLiteral",
      "offset": 2275,
      "length": 6,
      "value": "\"zone\""
    },
    {
      "filePath": "\/Users\/qa-team\/ADG-iOS-SDK\/iOSSDK\/ADG\/ADGAdapters\/ADGMaio\/ADGMaio\/Sources\/MaioInterstitialMediation.swift",
      "kind": "StringLiteral",
      "offset": 2335,
      "length": 18,
      "value": "\"ZoneID is empty.\""
    },
    {
      "filePath": "\/Users\/qa-team\/ADG-iOS-SDK\/iOSSDK\/ADG\/ADGAdapters\/ADGMaio\/ADGMaio\/Sources\/MaioInterstitialMediation.swift",
      "kind": "BooleanLiteral",
      "offset": 2374,
      "length": 5,
      "value": "false"
    },
    {
      "filePath": "\/Users\/qa-team\/ADG-iOS-SDK\/iOSSDK\/ADG\/ADGAdapters\/ADGMaio\/ADGMaio\/Sources\/MaioInterstitialMediation.swift",
      "kind": "StringLiteral",
      "offset": 2492,
      "length": 18,
      "value": "\"ZoneID is empty.\""
    },
    {
      "filePath": "\/Users\/qa-team\/ADG-iOS-SDK\/iOSSDK\/ADG\/ADGAdapters\/ADGMaio\/ADGMaio\/Sources\/MaioInterstitialMediation.swift",
      "kind": "BooleanLiteral",
      "offset": 2531,
      "length": 5,
      "value": "false"
    },
    {
      "filePath": "\/Users\/qa-team\/ADG-iOS-SDK\/iOSSDK\/ADG\/ADGAdapters\/ADGMaio\/ADGMaio\/Sources\/MaioInterstitialMediation.swift",
      "kind": "BooleanLiteral",
      "offset": 2738,
      "length": 4,
      "value": "true"
    },
    {
      "filePath": "\/Users\/qa-team\/ADG-iOS-SDK\/iOSSDK\/ADG\/ADGAdapters\/ADGMaio\/ADGMaio\/Sources\/MaioInterstitialMediation.swift",
      "kind": "StringLiteral",
      "offset": 2943,
      "length": 10,
      "value": "\"Starting\""
    },
    {
      "filePath": "\/Users\/qa-team\/ADG-iOS-SDK\/iOSSDK\/ADG\/ADGAdapters\/ADGMaio\/ADGMaio\/Sources\/MaioInterstitialMediation.swift",
      "kind": "BooleanLiteral",
      "offset": 3070,
      "length": 4,
      "value": "true"
    },
    {
      "filePath": "\/Users\/qa-team\/ADG-iOS-SDK\/iOSSDK\/ADG\/ADGAdapters\/ADGMaio\/ADGMaio\/Sources\/MaioInterstitialMediation.swift",
      "kind": "StringLiteral",
      "offset": 3695,
      "length": 23,
      "value": "\"ADGMaio: \""
    },
    {
      "filePath": "\/Users\/qa-team\/ADG-iOS-SDK\/iOSSDK\/ADG\/ADGAdapters\/ADGMaio\/ADGMaio\/Sources\/MaioInterstitialMediation.swift",
      "kind": "StringLiteral",
      "offset": 3717,
      "length": 2,
      "value": "\"\""
    },
    {
      "filePath": "\/Users\/qa-team\/ADG-iOS-SDK\/iOSSDK\/ADG\/ADGAdapters\/ADGMaio\/ADGMaio\/Sources\/MaioInterstitialMediation.swift",
      "kind": "BooleanLiteral",
      "offset": 3776,
      "length": 4,
      "value": "true"
    },
    {
      "filePath": "\/Users\/qa-team\/ADG-iOS-SDK\/iOSSDK\/ADG\/ADGAdapters\/ADGMaio\/ADGMaio\/Sources\/MaioInterstitialMediation.swift",
      "kind": "BooleanLiteral",
      "offset": 3817,
      "length": 5,
      "value": "false"
    },
    {
      "filePath": "\/Users\/qa-team\/ADG-iOS-SDK\/iOSSDK\/ADG\/ADGAdapters\/ADGMaio\/ADGMaio\/Sources\/MaioInterstitialMediation.swift",
      "kind": "StringLiteral",
      "offset": 4060,
      "length": 11,
      "value": "\"Destroyed\""
    },
    {
      "filePath": "\/Users\/qa-team\/ADG-iOS-SDK\/iOSSDK\/ADG\/ADGAdapters\/ADGMaio\/ADGMaio\/Sources\/MaioInterstitialMediation.swift",
      "kind": "StringLiteral",
      "offset": 4298,
      "length": 8,
      "value": "\"called\""
    },
    {
      "filePath": "\/Users\/qa-team\/ADG-iOS-SDK\/iOSSDK\/ADG\/ADGAdapters\/ADGMaio\/ADGMaio\/Sources\/MaioInterstitialMediation.swift",
      "kind": "BooleanLiteral",
      "offset": 4426,
      "length": 4,
      "value": "true"
    },
    {
      "filePath": "\/Users\/qa-team\/ADG-iOS-SDK\/iOSSDK\/ADG\/ADGAdapters\/ADGMaio\/ADGMaio\/Sources\/MaioInterstitialMediation.swift",
      "kind": "StringLiteral",
      "offset": 4867,
      "length": 43,
      "value": "\"called[load callback][error=\""
    },
    {
      "filePath": "\/Users\/qa-team\/ADG-iOS-SDK\/iOSSDK\/ADG\/ADGAdapters\/ADGMaio\/ADGMaio\/Sources\/MaioInterstitialMediation.swift",
      "kind": "StringLiteral",
      "offset": 4908,
      "length": 1,
      "value": "\"]\""
    },
    {
      "filePath": "\/Users\/qa-team\/ADG-iOS-SDK\/iOSSDK\/ADG\/ADGAdapters\/ADGMaio\/ADGMaio\/Sources\/MaioInterstitialMediation.swift",
      "kind": "StringLiteral",
      "offset": 5637,
      "length": 8,
      "value": "\"called\""
    },
    {
      "filePath": "\/Users\/qa-team\/ADG-iOS-SDK\/iOSSDK\/ADG\/ADGAdapters\/ADGMaio\/ADGMaio\/Sources\/MaioInterstitialMediation.swift",
      "kind": "StringLiteral",
      "offset": 5814,
      "length": 8,
      "value": "\"called\""
    },
    {
      "filePath": "\/Users\/qa-team\/ADG-iOS-SDK\/iOSSDK\/ADG\/ADGAdapters\/ADGMaio\/ADGMaio\/Sources\/MaioInterstitialMediation.swift",
      "kind": "StringLiteral",
      "offset": 5992,
      "length": 8,
      "value": "\"called\""
    },
    {
      "filePath": "\/Users\/qa-team\/ADG-iOS-SDK\/iOSSDK\/ADG\/ADGAdapters\/ADGMaio\/ADGMaio\/Sources\/MaioInterstitialMediation.swift",
      "kind": "StringLiteral",
      "offset": 6176,
      "length": 43,
      "value": "\"called[show callback][error=\""
    },
    {
      "filePath": "\/Users\/qa-team\/ADG-iOS-SDK\/iOSSDK\/ADG\/ADGAdapters\/ADGMaio\/ADGMaio\/Sources\/MaioInterstitialMediation.swift",
      "kind": "StringLiteral",
      "offset": 6217,
      "length": 1,
      "value": "\"]\""
    }
  ]
}