{
  "ABIRoot": {
    "kind": "Root",
    "name": "TopLevel",
    "printedName": "TopLevel",
    "children": [
      {
        "kind": "Import",
        "name": "ADG",
        "printedName": "ADG",
        "declKind": "Import",
        "moduleName": "ADGMaio",
        "declAttributes": [
          "RawDocComment"
        ]
      },
      {
        "kind": "Import",
        "name": "Maio",
        "printedName": "Maio",
        "declKind": "Import",
        "moduleName": "ADGMaio"
      }
    ],
    "json_format_version": 8
  },
  "ConstValues": [
    {
      "filePath": "\/Users\/keisuke.kakinuma\/Documents\/ADG-iOS-SDK\/iOSSDK\/ADG\/ADGAdapters\/ADGMaio\/ADGMaio\/Sources\/MaioInterstitialMediation.swift",
      "kind": "StringLiteral",
      "offset": 356,
      "length": 2,
      "value": "\"\""
    },
    {
      "filePath": "\/Users\/keisuke.kakinuma\/Documents\/ADG-iOS-SDK\/iOSSDK\/ADG\/ADGAdapters\/ADGMaio\/ADGMaio\/Sources\/MaioInterstitialMediation.swift",
      "kind": "BooleanLiteral",
      "offset": 419,
      "length": 5,
      "value": "false"
    },
    {
      "filePath": "\/Users\/keisuke.kakinuma\/Documents\/ADG-iOS-SDK\/iOSSDK\/ADG\/ADGAdapters\/ADGMaio\/ADGMaio\/Sources\/MaioInterstitialMediation.swift",
      "kind": "BooleanLiteral",
      "offset": 498,
      "length": 5,
      "value": "false"
    }
  ]
}