{
  "ABIRoot": {
    "kind": "Root",
    "name": "TopLevel",
    "printedName": "TopLevel",
    "children": [
      {
        "kind": "Import",
        "name": "Foundation",
        "printedName": "Foundation",
        "declKind": "Import",
        "moduleName": "ADGAdMob",
        "declAttributes": [
          "RawDocComment"
        ]
      },
      {
        "kind": "Import",
        "name": "ADG",
        "printedName": "ADG",
        "declKind": "Import",
        "moduleName": "ADGAdMob"
      },
      {
        "kind": "Import",
        "name": "GoogleMobileAds",
        "printedName": "GoogleMobileAds",
        "declKind": "Import",
        "moduleName": "ADGAdMob"
      },
      {
        "kind": "Import",
        "name": "Foundation",
        "printedName": "Foundation",
        "declKind": "Import",
        "moduleName": "ADGAdMob",
        "declAttributes": [
          "RawDocComment"
        ]
      },
      {
        "kind": "Import",
        "name": "ADG",
        "printedName": "ADG",
        "declKind": "Import",
        "moduleName": "ADGAdMob"
      },
      {
        "kind": "Import",
        "name": "GoogleMobileAds",
        "printedName": "GoogleMobileAds",
        "declKind": "Import",
        "moduleName": "ADGAdMob"
      },
      {
        "kind": "Import",
        "name": "Foundation",
        "printedName": "Foundation",
        "declKind": "Import",
        "moduleName": "ADGAdMob",
        "declAttributes": [
          "RawDocComment"
        ]
      },
      {
        "kind": "Import",
        "name": "ADG",
        "printedName": "ADG",
        "declKind": "Import",
        "moduleName": "ADGAdMob"
      },
      {
        "kind": "Import",
        "name": "GoogleMobileAds",
        "printedName": "GoogleMobileAds",
        "declKind": "Import",
        "moduleName": "ADGAdMob"
      }
    ],
    "json_format_version": 8
  },
  "ConstValues": [
    {
      "filePath": "\/Users\/keisuke.kakinuma\/Documents\/ADG-iOS-SDK\/iOSSDK\/ADG\/ADGAdapters\/ADGAdMob\/ADGAdMob\/Sources\/GADAdMobAdvancedMediation.swift",
      "kind": "FloatLiteral",
      "offset": 674,
      "length": 4,
      "value": "10.0"
    },
    {
      "filePath": "\/Users\/keisuke.kakinuma\/Documents\/ADG-iOS-SDK\/iOSSDK\/ADG\/ADGAdapters\/ADGAdMob\/ADGAdMob\/Sources\/GADAdMobAdvancedMediation.swift",
      "kind": "StringLiteral",
      "offset": 728,
      "length": 40,
      "value": "\"ca-app-pub-3940256099942544\/3986624511\""
    },
    {
      "filePath": "\/Users\/keisuke.kakinuma\/Documents\/ADG-iOS-SDK\/iOSSDK\/ADG\/ADGAdapters\/ADGAdMob\/ADGAdMob\/Sources\/GADAdMobAdvancedMediation.swift",
      "kind": "StringLiteral",
      "offset": 907,
      "length": 22,
      "value": "\"ad unit ID is empty.\""
    },
    {
      "filePath": "\/Users\/keisuke.kakinuma\/Documents\/ADG-iOS-SDK\/iOSSDK\/ADG\/ADGAdapters\/ADGAdMob\/ADGAdMob\/Sources\/GADAdMobAdvancedMediation.swift",
      "kind": "BooleanLiteral",
      "offset": 950,
      "length": 5,
      "value": "false"
    },
    {
      "filePath": "\/Users\/keisuke.kakinuma\/Documents\/ADG-iOS-SDK\/iOSSDK\/ADG\/ADGAdapters\/ADGAdMob\/ADGAdMob\/Sources\/GADAdMobAdvancedMediation.swift",
      "kind": "IntegerLiteral",
      "offset": 1270,
      "length": 2,
      "value": "12"
    },
    {
      "filePath": "\/Users\/keisuke.kakinuma\/Documents\/ADG-iOS-SDK\/iOSSDK\/ADG\/ADGAdapters\/ADGAdMob\/ADGAdMob\/Sources\/GADAdMobAdvancedMediation.swift",
      "kind": "StringLiteral",
      "offset": 1329,
      "length": 26,
      "value": "\"ChildDirected set to %@.\""
    },
    {
      "filePath": "\/Users\/keisuke.kakinuma\/Documents\/ADG-iOS-SDK\/iOSSDK\/ADG\/ADGAdapters\/ADGAdMob\/ADGAdMob\/Sources\/GADAdMobAdvancedMediation.swift",
      "kind": "StringLiteral",
      "offset": 1396,
      "length": 5,
      "value": "\"YES\""
    },
    {
      "filePath": "\/Users\/keisuke.kakinuma\/Documents\/ADG-iOS-SDK\/iOSSDK\/ADG\/ADGAdapters\/ADGAdMob\/ADGAdMob\/Sources\/GADAdMobAdvancedMediation.swift",
      "kind": "StringLiteral",
      "offset": 1404,
      "length": 4,
      "value": "\"NO\""
    },
    {
      "filePath": "\/Users\/keisuke.kakinuma\/Documents\/ADG-iOS-SDK\/iOSSDK\/ADG\/ADGAdapters\/ADGAdMob\/ADGAdMob\/Sources\/GADAdMobAdvancedMediation.swift",
      "kind": "BooleanLiteral",
      "offset": 1617,
      "length": 4,
      "value": "true"
    },
    {
      "filePath": "\/Users\/keisuke.kakinuma\/Documents\/ADG-iOS-SDK\/iOSSDK\/ADG\/ADGAdapters\/ADGAdMob\/ADGAdMob\/Sources\/GADAdMobAdvancedMediation.swift",
      "kind": "IntegerLiteral",
      "offset": 1819,
      "length": 1,
      "value": "0"
    },
    {
      "filePath": "\/Users\/keisuke.kakinuma\/Documents\/ADG-iOS-SDK\/iOSSDK\/ADG\/ADGAdapters\/ADGAdMob\/ADGAdMob\/Sources\/GADAdMobAdvancedMediation.swift",
      "kind": "StringLiteral",
      "offset": 1916,
      "length": 22,
      "value": "\"Set contentURL to %@\""
    },
    {
      "filePath": "\/Users\/keisuke.kakinuma\/Documents\/ADG-iOS-SDK\/iOSSDK\/ADG\/ADGAdapters\/ADGAdMob\/ADGAdMob\/Sources\/GADAdMobAdvancedMediation.swift",
      "kind": "StringLiteral",
      "offset": 2366,
      "length": 23,
      "value": "\"failed to receive Ad.\""
    },
    {
      "filePath": "\/Users\/keisuke.kakinuma\/Documents\/ADG-iOS-SDK\/iOSSDK\/ADG\/ADGAdapters\/ADGAdMob\/ADGAdMob\/Sources\/GADAdMobAdvancedMediation.swift",
      "kind": "StringLiteral",
      "offset": 2591,
      "length": 26,
      "value": "\"adLoaderDidFinishLoading\""
    },
    {
      "filePath": "\/Users\/keisuke.kakinuma\/Documents\/ADG-iOS-SDK\/iOSSDK\/ADG\/ADGAdapters\/ADGAdMob\/ADGAdMob\/Sources\/GADAdMobAdvancedMediation.swift",
      "kind": "StringLiteral",
      "offset": 2774,
      "length": 26,
      "value": "\"adLoaderDidFinishLoading\""
    },
    {
      "filePath": "\/Users\/keisuke.kakinuma\/Documents\/ADG-iOS-SDK\/iOSSDK\/ADG\/ADGAdapters\/ADGAdMob\/ADGAdMob\/Sources\/GADAdMobMediation.swift",
      "kind": "FloatLiteral",
      "offset": 654,
      "length": 4,
      "value": "10.0"
    },
    {
      "filePath": "\/Users\/keisuke.kakinuma\/Documents\/ADG-iOS-SDK\/iOSSDK\/ADG\/ADGAdapters\/ADGAdMob\/ADGAdMob\/Sources\/GADAdMobMediation.swift",
      "kind": "StringLiteral",
      "offset": 708,
      "length": 40,
      "value": "\"ca-app-pub-3940256099942544\/2934735716\""
    },
    {
      "filePath": "\/Users\/keisuke.kakinuma\/Documents\/ADG-iOS-SDK\/iOSSDK\/ADG\/ADGAdapters\/ADGAdMob\/ADGAdMob\/Sources\/GADAdMobMediation.swift",
      "kind": "StringLiteral",
      "offset": 826,
      "length": 25,
      "value": "\"loadProcess is started.\""
    },
    {
      "filePath": "\/Users\/keisuke.kakinuma\/Documents\/ADG-iOS-SDK\/iOSSDK\/ADG\/ADGAdapters\/ADGAdMob\/ADGAdMob\/Sources\/GADAdMobMediation.swift",
      "kind": "StringLiteral",
      "offset": 1044,
      "length": 22,
      "value": "\"ad unit ID is empty.\""
    },
    {
      "filePath": "\/Users\/keisuke.kakinuma\/Documents\/ADG-iOS-SDK\/iOSSDK\/ADG\/ADGAdapters\/ADGAdMob\/ADGAdMob\/Sources\/GADAdMobMediation.swift",
      "kind": "BooleanLiteral",
      "offset": 1087,
      "length": 5,
      "value": "false"
    },
    {
      "filePath": "\/Users\/keisuke.kakinuma\/Documents\/ADG-iOS-SDK\/iOSSDK\/ADG\/ADGAdapters\/ADGAdMob\/ADGAdMob\/Sources\/GADAdMobMediation.swift",
      "kind": "StringLiteral",
      "offset": 1202,
      "length": 33,
      "value": "\"rootViewController is required.\""
    },
    {
      "filePath": "\/Users\/keisuke.kakinuma\/Documents\/ADG-iOS-SDK\/iOSSDK\/ADG\/ADGAdapters\/ADGAdMob\/ADGAdMob\/Sources\/GADAdMobMediation.swift",
      "kind": "BooleanLiteral",
      "offset": 1256,
      "length": 5,
      "value": "false"
    },
    {
      "filePath": "\/Users\/keisuke.kakinuma\/Documents\/ADG-iOS-SDK\/iOSSDK\/ADG\/ADGAdapters\/ADGAdMob\/ADGAdMob\/Sources\/GADAdMobMediation.swift",
      "kind": "IntegerLiteral",
      "offset": 1442,
      "length": 2,
      "value": "12"
    },
    {
      "filePath": "\/Users\/keisuke.kakinuma\/Documents\/ADG-iOS-SDK\/iOSSDK\/ADG\/ADGAdapters\/ADGAdMob\/ADGAdMob\/Sources\/GADAdMobMediation.swift",
      "kind": "StringLiteral",
      "offset": 1501,
      "length": 26,
      "value": "\"ChildDirected set to %@.\""
    },
    {
      "filePath": "\/Users\/keisuke.kakinuma\/Documents\/ADG-iOS-SDK\/iOSSDK\/ADG\/ADGAdapters\/ADGAdMob\/ADGAdMob\/Sources\/GADAdMobMediation.swift",
      "kind": "StringLiteral",
      "offset": 1568,
      "length": 5,
      "value": "\"YES\""
    },
    {
      "filePath": "\/Users\/keisuke.kakinuma\/Documents\/ADG-iOS-SDK\/iOSSDK\/ADG\/ADGAdapters\/ADGAdMob\/ADGAdMob\/Sources\/GADAdMobMediation.swift",
      "kind": "StringLiteral",
      "offset": 1576,
      "length": 4,
      "value": "\"NO\""
    },
    {
      "filePath": "\/Users\/keisuke.kakinuma\/Documents\/ADG-iOS-SDK\/iOSSDK\/ADG\/ADGAdapters\/ADGAdMob\/ADGAdMob\/Sources\/GADAdMobMediation.swift",
      "kind": "StringLiteral",
      "offset": 1742,
      "length": 41,
      "value": "\"Google Mobile Ads SDK version: %d.%d.%d\""
    },
    {
      "filePath": "\/Users\/keisuke.kakinuma\/Documents\/ADG-iOS-SDK\/iOSSDK\/ADG\/ADGAdapters\/ADGAdMob\/ADGAdMob\/Sources\/GADAdMobMediation.swift",
      "kind": "StringLiteral",
      "offset": 2326,
      "length": 22,
      "value": "\"not make bannerView.\""
    },
    {
      "filePath": "\/Users\/keisuke.kakinuma\/Documents\/ADG-iOS-SDK\/iOSSDK\/ADG\/ADGAdapters\/ADGAdMob\/ADGAdMob\/Sources\/GADAdMobMediation.swift",
      "kind": "BooleanLiteral",
      "offset": 2369,
      "length": 5,
      "value": "false"
    },
    {
      "filePath": "\/Users\/keisuke.kakinuma\/Documents\/ADG-iOS-SDK\/iOSSDK\/ADG\/ADGAdapters\/ADGAdMob\/ADGAdMob\/Sources\/GADAdMobMediation.swift",
      "kind": "StringLiteral",
      "offset": 2562,
      "length": 27,
      "value": "\"loadProcess is succeeded.\""
    },
    {
      "filePath": "\/Users\/keisuke.kakinuma\/Documents\/ADG-iOS-SDK\/iOSSDK\/ADG\/ADGAdapters\/ADGAdMob\/ADGAdMob\/Sources\/GADAdMobMediation.swift",
      "kind": "BooleanLiteral",
      "offset": 2641,
      "length": 4,
      "value": "true"
    },
    {
      "filePath": "\/Users\/keisuke.kakinuma\/Documents\/ADG-iOS-SDK\/iOSSDK\/ADG\/ADGAdapters\/ADGAdMob\/ADGAdMob\/Sources\/GADAdMobMediation.swift",
      "kind": "StringLiteral",
      "offset": 2722,
      "length": 26,
      "value": "\"startProcess is started.\""
    },
    {
      "filePath": "\/Users\/keisuke.kakinuma\/Documents\/ADG-iOS-SDK\/iOSSDK\/ADG\/ADGAdapters\/ADGAdMob\/ADGAdMob\/Sources\/GADAdMobMediation.swift",
      "kind": "IntegerLiteral",
      "offset": 2935,
      "length": 1,
      "value": "0"
    },
    {
      "filePath": "\/Users\/keisuke.kakinuma\/Documents\/ADG-iOS-SDK\/iOSSDK\/ADG\/ADGAdapters\/ADGAdMob\/ADGAdMob\/Sources\/GADAdMobMediation.swift",
      "kind": "StringLiteral",
      "offset": 3032,
      "length": 22,
      "value": "\"Set contentURL to %@\""
    },
    {
      "filePath": "\/Users\/keisuke.kakinuma\/Documents\/ADG-iOS-SDK\/iOSSDK\/ADG\/ADGAdapters\/ADGAdMob\/ADGAdMob\/Sources\/GADAdMobMediation.swift",
      "kind": "StringLiteral",
      "offset": 3631,
      "length": 29,
      "value": "\"instance will be destroyed.\""
    },
    {
      "filePath": "\/Users\/keisuke.kakinuma\/Documents\/ADG-iOS-SDK\/iOSSDK\/ADG\/ADGAdapters\/ADGAdMob\/ADGAdMob\/Sources\/GADAdMobMediation.swift",
      "kind": "StringLiteral",
      "offset": 4288,
      "length": 10,
      "value": "\"creating\""
    },
    {
      "filePath": "\/Users\/keisuke.kakinuma\/Documents\/ADG-iOS-SDK\/iOSSDK\/ADG\/ADGAdapters\/ADGAdMob\/ADGAdMob\/Sources\/GADAdMobMediation.swift",
      "kind": "IntegerLiteral",
      "offset": 5340,
      "length": 3,
      "value": "728"
    },
    {
      "filePath": "\/Users\/keisuke.kakinuma\/Documents\/ADG-iOS-SDK\/iOSSDK\/ADG\/ADGAdapters\/ADGAdMob\/ADGAdMob\/Sources\/GADAdMobMediation.swift",
      "kind": "IntegerLiteral",
      "offset": 5369,
      "length": 2,
      "value": "90"
    },
    {
      "filePath": "\/Users\/keisuke.kakinuma\/Documents\/ADG-iOS-SDK\/iOSSDK\/ADG\/ADGAdapters\/ADGAdMob\/ADGAdMob\/Sources\/GADAdMobMediation.swift",
      "kind": "IntegerLiteral",
      "offset": 5453,
      "length": 3,
      "value": "468"
    },
    {
      "filePath": "\/Users\/keisuke.kakinuma\/Documents\/ADG-iOS-SDK\/iOSSDK\/ADG\/ADGAdapters\/ADGAdMob\/ADGAdMob\/Sources\/GADAdMobMediation.swift",
      "kind": "IntegerLiteral",
      "offset": 5482,
      "length": 2,
      "value": "60"
    },
    {
      "filePath": "\/Users\/keisuke.kakinuma\/Documents\/ADG-iOS-SDK\/iOSSDK\/ADG\/ADGAdapters\/ADGAdMob\/ADGAdMob\/Sources\/GADAdMobMediation.swift",
      "kind": "IntegerLiteral",
      "offset": 5565,
      "length": 3,
      "value": "300"
    },
    {
      "filePath": "\/Users\/keisuke.kakinuma\/Documents\/ADG-iOS-SDK\/iOSSDK\/ADG\/ADGAdapters\/ADGAdMob\/ADGAdMob\/Sources\/GADAdMobMediation.swift",
      "kind": "IntegerLiteral",
      "offset": 5594,
      "length": 3,
      "value": "250"
    },
    {
      "filePath": "\/Users\/keisuke.kakinuma\/Documents\/ADG-iOS-SDK\/iOSSDK\/ADG\/ADGAdapters\/ADGAdMob\/ADGAdMob\/Sources\/GADAdMobMediation.swift",
      "kind": "IntegerLiteral",
      "offset": 5683,
      "length": 3,
      "value": "320"
    },
    {
      "filePath": "\/Users\/keisuke.kakinuma\/Documents\/ADG-iOS-SDK\/iOSSDK\/ADG\/ADGAdapters\/ADGAdMob\/ADGAdMob\/Sources\/GADAdMobMediation.swift",
      "kind": "IntegerLiteral",
      "offset": 5712,
      "length": 3,
      "value": "100"
    },
    {
      "filePath": "\/Users\/keisuke.kakinuma\/Documents\/ADG-iOS-SDK\/iOSSDK\/ADG\/ADGAdapters\/ADGAdMob\/ADGAdMob\/Sources\/GADAdMobMediation.swift",
      "kind": "BooleanLiteral",
      "offset": 6524,
      "length": 5,
      "value": "false"
    },
    {
      "filePath": "\/Users\/keisuke.kakinuma\/Documents\/ADG-iOS-SDK\/iOSSDK\/ADG\/ADGAdapters\/ADGAdMob\/ADGAdMob\/Sources\/GADAdMobMediation.swift",
      "kind": "IntegerLiteral",
      "offset": 6752,
      "length": 1,
      "value": "1"
    },
    {
      "filePath": "\/Users\/keisuke.kakinuma\/Documents\/ADG-iOS-SDK\/iOSSDK\/ADG\/ADGAdapters\/ADGAdMob\/ADGAdMob\/Sources\/GADAdMobMediation.swift",
      "kind": "IntegerLiteral",
      "offset": 6777,
      "length": 1,
      "value": "0"
    },
    {
      "filePath": "\/Users\/keisuke.kakinuma\/Documents\/ADG-iOS-SDK\/iOSSDK\/ADG\/ADGAdapters\/ADGAdMob\/ADGAdMob\/Sources\/GADAdMobMediation.swift",
      "kind": "IntegerLiteral",
      "offset": 7012,
      "length": 1,
      "value": "1"
    },
    {
      "filePath": "\/Users\/keisuke.kakinuma\/Documents\/ADG-iOS-SDK\/iOSSDK\/ADG\/ADGAdapters\/ADGAdMob\/ADGAdMob\/Sources\/GADAdMobMediation.swift",
      "kind": "IntegerLiteral",
      "offset": 7037,
      "length": 1,
      "value": "0"
    },
    {
      "filePath": "\/Users\/keisuke.kakinuma\/Documents\/ADG-iOS-SDK\/iOSSDK\/ADG\/ADGAdapters\/ADGAdMob\/ADGAdMob\/Sources\/GADAdMobMediation.swift",
      "kind": "StringLiteral",
      "offset": 7539,
      "length": 23,
      "value": "\"request successfully.\""
    },
    {
      "filePath": "\/Users\/keisuke.kakinuma\/Documents\/ADG-iOS-SDK\/iOSSDK\/ADG\/ADGAdapters\/ADGAdMob\/ADGAdMob\/Sources\/GADAdMobMediation.swift",
      "kind": "StringLiteral",
      "offset": 7762,
      "length": 17,
      "value": "\"request failed.\""
    },
    {
      "filePath": "\/Users\/keisuke.kakinuma\/Documents\/ADG-iOS-SDK\/iOSSDK\/ADG\/ADGAdapters\/ADGAdMob\/ADGAdMob\/Sources\/GADAdMobMediation.swift",
      "kind": "StringLiteral",
      "offset": 7997,
      "length": 81,
      "value": "\"a full screen view will be presented in response to the user clicking on an ad.\""
    },
    {
      "filePath": "\/Users\/keisuke.kakinuma\/Documents\/ADG-iOS-SDK\/iOSSDK\/ADG\/ADGAdapters\/ADGAdMob\/ADGAdMob\/Sources\/GADAdMobMediation.swift",
      "kind": "StringLiteral",
      "offset": 8226,
      "length": 32,
      "value": "\"bannerViewDidRecordImpression.\""
    },
    {
      "filePath": "\/Users\/keisuke.kakinuma\/Documents\/ADG-iOS-SDK\/iOSSDK\/ADG\/ADGAdapters\/ADGAdMob\/ADGAdMob\/Sources\/GADAdMobMediation.swift",
      "kind": "StringLiteral",
      "offset": 8404,
      "length": 41,
      "value": "\"the full screen view will be dismissed.\""
    },
    {
      "filePath": "\/Users\/keisuke.kakinuma\/Documents\/ADG-iOS-SDK\/iOSSDK\/ADG\/ADGAdapters\/ADGAdMob\/ADGAdMob\/Sources\/GADAdMobMediation.swift",
      "kind": "StringLiteral",
      "offset": 8590,
      "length": 40,
      "value": "\"the full screen view did be dismissed.\""
    },
    {
      "filePath": "\/Users\/keisuke.kakinuma\/Documents\/ADG-iOS-SDK\/iOSSDK\/ADG\/ADGAdapters\/ADGAdMob\/ADGAdMob\/Sources\/GADAdMobInterstitialMediation.swift",
      "kind": "BooleanLiteral",
      "offset": 637,
      "length": 5,
      "value": "false"
    },
    {
      "filePath": "\/Users\/keisuke.kakinuma\/Documents\/ADG-iOS-SDK\/iOSSDK\/ADG\/ADGAdapters\/ADGAdMob\/ADGAdMob\/Sources\/GADAdMobInterstitialMediation.swift",
      "kind": "BooleanLiteral",
      "offset": 681,
      "length": 5,
      "value": "false"
    },
    {
      "filePath": "\/Users\/keisuke.kakinuma\/Documents\/ADG-iOS-SDK\/iOSSDK\/ADG\/ADGAdapters\/ADGAdMob\/ADGAdMob\/Sources\/GADAdMobInterstitialMediation.swift",
      "kind": "FloatLiteral",
      "offset": 784,
      "length": 4,
      "value": "10.0"
    },
    {
      "filePath": "\/Users\/keisuke.kakinuma\/Documents\/ADG-iOS-SDK\/iOSSDK\/ADG\/ADGAdapters\/ADGAdMob\/ADGAdMob\/Sources\/GADAdMobInterstitialMediation.swift",
      "kind": "StringLiteral",
      "offset": 838,
      "length": 40,
      "value": "\"ca-app-pub-3940256099942544\/4411468910\""
    },
    {
      "filePath": "\/Users\/keisuke.kakinuma\/Documents\/ADG-iOS-SDK\/iOSSDK\/ADG\/ADGAdapters\/ADGAdMob\/ADGAdMob\/Sources\/GADAdMobInterstitialMediation.swift",
      "kind": "BooleanLiteral",
      "offset": 962,
      "length": 4,
      "value": "true"
    },
    {
      "filePath": "\/Users\/keisuke.kakinuma\/Documents\/ADG-iOS-SDK\/iOSSDK\/ADG\/ADGAdapters\/ADGAdMob\/ADGAdMob\/Sources\/GADAdMobInterstitialMediation.swift",
      "kind": "BooleanLiteral",
      "offset": 1005,
      "length": 5,
      "value": "false"
    },
    {
      "filePath": "\/Users\/keisuke.kakinuma\/Documents\/ADG-iOS-SDK\/iOSSDK\/ADG\/ADGAdapters\/ADGAdMob\/ADGAdMob\/Sources\/GADAdMobInterstitialMediation.swift",
      "kind": "BooleanLiteral",
      "offset": 1040,
      "length": 5,
      "value": "false"
    },
    {
      "filePath": "\/Users\/keisuke.kakinuma\/Documents\/ADG-iOS-SDK\/iOSSDK\/ADG\/ADGAdapters\/ADGAdMob\/ADGAdMob\/Sources\/GADAdMobInterstitialMediation.swift",
      "kind": "StringLiteral",
      "offset": 1146,
      "length": 22,
      "value": "\"ad unit ID is empty.\""
    },
    {
      "filePath": "\/Users\/keisuke.kakinuma\/Documents\/ADG-iOS-SDK\/iOSSDK\/ADG\/ADGAdapters\/ADGAdMob\/ADGAdMob\/Sources\/GADAdMobInterstitialMediation.swift",
      "kind": "BooleanLiteral",
      "offset": 1189,
      "length": 5,
      "value": "false"
    },
    {
      "filePath": "\/Users\/keisuke.kakinuma\/Documents\/ADG-iOS-SDK\/iOSSDK\/ADG\/ADGAdapters\/ADGAdMob\/ADGAdMob\/Sources\/GADAdMobInterstitialMediation.swift",
      "kind": "StringLiteral",
      "offset": 1304,
      "length": 32,
      "value": "\"rootViewController is required\""
    },
    {
      "filePath": "\/Users\/keisuke.kakinuma\/Documents\/ADG-iOS-SDK\/iOSSDK\/ADG\/ADGAdapters\/ADGAdMob\/ADGAdMob\/Sources\/GADAdMobInterstitialMediation.swift",
      "kind": "BooleanLiteral",
      "offset": 1357,
      "length": 5,
      "value": "false"
    },
    {
      "filePath": "\/Users\/keisuke.kakinuma\/Documents\/ADG-iOS-SDK\/iOSSDK\/ADG\/ADGAdapters\/ADGAdMob\/ADGAdMob\/Sources\/GADAdMobInterstitialMediation.swift",
      "kind": "IntegerLiteral",
      "offset": 1668,
      "length": 2,
      "value": "12"
    },
    {
      "filePath": "\/Users\/keisuke.kakinuma\/Documents\/ADG-iOS-SDK\/iOSSDK\/ADG\/ADGAdapters\/ADGAdMob\/ADGAdMob\/Sources\/GADAdMobInterstitialMediation.swift",
      "kind": "StringLiteral",
      "offset": 1727,
      "length": 26,
      "value": "\"ChildDirected set to %@.\""
    },
    {
      "filePath": "\/Users\/keisuke.kakinuma\/Documents\/ADG-iOS-SDK\/iOSSDK\/ADG\/ADGAdapters\/ADGAdMob\/ADGAdMob\/Sources\/GADAdMobInterstitialMediation.swift",
      "kind": "StringLiteral",
      "offset": 1794,
      "length": 5,
      "value": "\"YES\""
    },
    {
      "filePath": "\/Users\/keisuke.kakinuma\/Documents\/ADG-iOS-SDK\/iOSSDK\/ADG\/ADGAdapters\/ADGAdMob\/ADGAdMob\/Sources\/GADAdMobInterstitialMediation.swift",
      "kind": "StringLiteral",
      "offset": 1802,
      "length": 4,
      "value": "\"NO\""
    },
    {
      "filePath": "\/Users\/keisuke.kakinuma\/Documents\/ADG-iOS-SDK\/iOSSDK\/ADG\/ADGAdapters\/ADGAdMob\/ADGAdMob\/Sources\/GADAdMobInterstitialMediation.swift",
      "kind": "IntegerLiteral",
      "offset": 1975,
      "length": 1,
      "value": "0"
    },
    {
      "filePath": "\/Users\/keisuke.kakinuma\/Documents\/ADG-iOS-SDK\/iOSSDK\/ADG\/ADGAdapters\/ADGAdMob\/ADGAdMob\/Sources\/GADAdMobInterstitialMediation.swift",
      "kind": "StringLiteral",
      "offset": 2072,
      "length": 22,
      "value": "\"Set contentURL to %@\""
    },
    {
      "filePath": "\/Users\/keisuke.kakinuma\/Documents\/ADG-iOS-SDK\/iOSSDK\/ADG\/ADGAdapters\/ADGAdMob\/ADGAdMob\/Sources\/GADAdMobInterstitialMediation.swift",
      "kind": "StringLiteral",
      "offset": 2327,
      "length": 23,
      "value": "\"failed to receive Ad.\""
    },
    {
      "filePath": "\/Users\/keisuke.kakinuma\/Documents\/ADG-iOS-SDK\/iOSSDK\/ADG\/ADGAdapters\/ADGAdMob\/ADGAdMob\/Sources\/GADAdMobInterstitialMediation.swift",
      "kind": "BooleanLiteral",
      "offset": 2627,
      "length": 4,
      "value": "true"
    },
    {
      "filePath": "\/Users\/keisuke.kakinuma\/Documents\/ADG-iOS-SDK\/iOSSDK\/ADG\/ADGAdapters\/ADGAdMob\/ADGAdMob\/Sources\/GADAdMobInterstitialMediation.swift",
      "kind": "StringLiteral",
      "offset": 2666,
      "length": 22,
      "value": "\"succeeded to load Ad\""
    },
    {
      "filePath": "\/Users\/keisuke.kakinuma\/Documents\/ADG-iOS-SDK\/iOSSDK\/ADG\/ADGAdapters\/ADGAdMob\/ADGAdMob\/Sources\/GADAdMobInterstitialMediation.swift",
      "kind": "BooleanLiteral",
      "offset": 2869,
      "length": 4,
      "value": "true"
    },
    {
      "filePath": "\/Users\/keisuke.kakinuma\/Documents\/ADG-iOS-SDK\/iOSSDK\/ADG\/ADGAdapters\/ADGAdMob\/ADGAdMob\/Sources\/GADAdMobInterstitialMediation.swift",
      "kind": "BooleanLiteral",
      "offset": 3059,
      "length": 5,
      "value": "false"
    },
    {
      "filePath": "\/Users\/keisuke.kakinuma\/Documents\/ADG-iOS-SDK\/iOSSDK\/ADG\/ADGAdapters\/ADGAdMob\/ADGAdMob\/Sources\/GADAdMobInterstitialMediation.swift",
      "kind": "BooleanLiteral",
      "offset": 3098,
      "length": 5,
      "value": "false"
    },
    {
      "filePath": "\/Users\/keisuke.kakinuma\/Documents\/ADG-iOS-SDK\/iOSSDK\/ADG\/ADGAdapters\/ADGAdMob\/ADGAdMob\/Sources\/GADAdMobInterstitialMediation.swift",
      "kind": "BooleanLiteral",
      "offset": 3232,
      "length": 4,
      "value": "true"
    },
    {
      "filePath": "\/Users\/keisuke.kakinuma\/Documents\/ADG-iOS-SDK\/iOSSDK\/ADG\/ADGAdapters\/ADGAdMob\/ADGAdMob\/Sources\/GADAdMobInterstitialMediation.swift",
      "kind": "StringLiteral",
      "offset": 3434,
      "length": 23,
      "value": "\"adDidRecordImpression\""
    },
    {
      "filePath": "\/Users\/keisuke.kakinuma\/Documents\/ADG-iOS-SDK\/iOSSDK\/ADG\/ADGAdapters\/ADGAdMob\/ADGAdMob\/Sources\/GADAdMobInterstitialMediation.swift",
      "kind": "StringLiteral",
      "offset": 3610,
      "length": 32,
      "value": "\"adWillPresentFullScreenContent\""
    },
    {
      "filePath": "\/Users\/keisuke.kakinuma\/Documents\/ADG-iOS-SDK\/iOSSDK\/ADG\/ADGAdapters\/ADGAdMob\/ADGAdMob\/Sources\/GADAdMobInterstitialMediation.swift",
      "kind": "StringLiteral",
      "offset": 3860,
      "length": 23,
      "value": "\"failed to receive Ad.\""
    },
    {
      "filePath": "\/Users\/keisuke.kakinuma\/Documents\/ADG-iOS-SDK\/iOSSDK\/ADG\/ADGAdapters\/ADGAdMob\/ADGAdMob\/Sources\/GADAdMobInterstitialMediation.swift",
      "kind": "StringLiteral",
      "offset": 4099,
      "length": 32,
      "value": "\"adWillDismissFullScreenContent\""
    },
    {
      "filePath": "\/Users\/keisuke.kakinuma\/Documents\/ADG-iOS-SDK\/iOSSDK\/ADG\/ADGAdapters\/ADGAdMob\/ADGAdMob\/Sources\/GADAdMobInterstitialMediation.swift",
      "kind": "StringLiteral",
      "offset": 4283,
      "length": 8,
      "value": "\"closed\""
    }
  ]
}