{
  "ABIRoot": {
    "kind": "Root",
    "name": "ADGAdMob",
    "printedName": "ADGAdMob",
    "children": [
      {
        "kind": "Import",
        "name": "ADG",
        "printedName": "ADG",
        "declKind": "Import",
        "moduleName": "ADGAdMob",
        "declAttributes": [
          "RawDocComment"
        ]
      },
      {
        "kind": "Import",
        "name": "Foundation",
        "printedName": "Foundation",
        "declKind": "Import",
        "moduleName": "ADGAdMob"
      },
      {
        "kind": "Import",
        "name": "GoogleMobileAds",
        "printedName": "GoogleMobileAds",
        "declKind": "Import",
        "moduleName": "ADGAdMob"
      },
      {
        "kind": "Import",
        "name": "ADG",
        "printedName": "ADG",
        "declKind": "Import",
        "moduleName": "ADGAdMob",
        "declAttributes": [
          "RawDocComment"
        ]
      },
      {
        "kind": "Import",
        "name": "Foundation",
        "printedName": "Foundation",
        "declKind": "Import",
        "moduleName": "ADGAdMob"
      },
      {
        "kind": "Import",
        "name": "GoogleMobileAds",
        "printedName": "GoogleMobileAds",
        "declKind": "Import",
        "moduleName": "ADGAdMob"
      },
      {
        "kind": "Import",
        "name": "ADG",
        "printedName": "ADG",
        "declKind": "Import",
        "moduleName": "ADGAdMob",
        "declAttributes": [
          "RawDocComment"
        ]
      },
      {
        "kind": "Import",
        "name": "Foundation",
        "printedName": "Foundation",
        "declKind": "Import",
        "moduleName": "ADGAdMob"
      },
      {
        "kind": "Import",
        "name": "GoogleMobileAds",
        "printedName": "GoogleMobileAds",
        "declKind": "Import",
        "moduleName": "ADGAdMob"
      }
    ],
    "json_format_version": 8
  },
  "ConstValues": [
    {
      "filePath": "\/Users\/akihiro.mukae\/Downloads\/2025\/0527\/ADG-iOS-SDK-feature-admob_12.4.0\/iOSSDK\/ADG\/ADGAdapters\/ADGAdMob\/ADGAdMob\/Sources\/GADAdMobAdvancedMediation.swift",
      "kind": "StringLiteral",
      "offset": 673,
      "length": 40,
      "value": "\"ca-app-pub-3940256099942544\/3986624511\""
    },
    {
      "filePath": "\/Users\/akihiro.mukae\/Downloads\/2025\/0527\/ADG-iOS-SDK-feature-admob_12.4.0\/iOSSDK\/ADG\/ADGAdapters\/ADGAdMob\/ADGAdMob\/Sources\/GADAdMobMediation.swift",
      "kind": "StringLiteral",
      "offset": 653,
      "length": 40,
      "value": "\"ca-app-pub-3940256099942544\/2934735716\""
    },
    {
      "filePath": "\/Users\/akihiro.mukae\/Downloads\/2025\/0527\/ADG-iOS-SDK-feature-admob_12.4.0\/iOSSDK\/ADG\/ADGAdapters\/ADGAdMob\/ADGAdMob\/Sources\/GADAdMobInterstitialMediation.swift",
      "kind": "BooleanLiteral",
      "offset": 637,
      "length": 5,
      "value": "false"
    },
    {
      "filePath": "\/Users\/akihiro.mukae\/Downloads\/2025\/0527\/ADG-iOS-SDK-feature-admob_12.4.0\/iOSSDK\/ADG\/ADGAdapters\/ADGAdMob\/ADGAdMob\/Sources\/GADAdMobInterstitialMediation.swift",
      "kind": "BooleanLiteral",
      "offset": 681,
      "length": 5,
      "value": "false"
    },
    {
      "filePath": "\/Users\/akihiro.mukae\/Downloads\/2025\/0527\/ADG-iOS-SDK-feature-admob_12.4.0\/iOSSDK\/ADG\/ADGAdapters\/ADGAdMob\/ADGAdMob\/Sources\/GADAdMobInterstitialMediation.swift",
      "kind": "StringLiteral",
      "offset": 783,
      "length": 40,
      "value": "\"ca-app-pub-3940256099942544\/4411468910\""
    }
  ]
}