{
  "ABIRoot": {
    "kind": "Root",
    "name": "TopLevel",
    "printedName": "TopLevel",
    "children": [
      {
        "kind": "Import",
        "name": "Foundation",
        "printedName": "Foundation",
        "declKind": "Import",
        "moduleName": "ADGAdMob",
        "declAttributes": [
          "RawDocComment"
        ]
      },
      {
        "kind": "Import",
        "name": "ADG",
        "printedName": "ADG",
        "declKind": "Import",
        "moduleName": "ADGAdMob"
      },
      {
        "kind": "Import",
        "name": "GoogleMobileAds",
        "printedName": "GoogleMobileAds",
        "declKind": "Import",
        "moduleName": "ADGAdMob"
      },
      {
        "kind": "Import",
        "name": "Foundation",
        "printedName": "Foundation",
        "declKind": "Import",
        "moduleName": "ADGAdMob",
        "declAttributes": [
          "RawDocComment"
        ]
      },
      {
        "kind": "Import",
        "name": "ADG",
        "printedName": "ADG",
        "declKind": "Import",
        "moduleName": "ADGAdMob"
      },
      {
        "kind": "Import",
        "name": "GoogleMobileAds",
        "printedName": "GoogleMobileAds",
        "declKind": "Import",
        "moduleName": "ADGAdMob"
      },
      {
        "kind": "Import",
        "name": "Foundation",
        "printedName": "Foundation",
        "declKind": "Import",
        "moduleName": "ADGAdMob",
        "declAttributes": [
          "RawDocComment"
        ]
      },
      {
        "kind": "Import",
        "name": "ADG",
        "printedName": "ADG",
        "declKind": "Import",
        "moduleName": "ADGAdMob"
      },
      {
        "kind": "Import",
        "name": "GoogleMobileAds",
        "printedName": "GoogleMobileAds",
        "declKind": "Import",
        "moduleName": "ADGAdMob"
      }
    ],
    "json_format_version": 8
  },
  "ConstValues": [
    {
      "filePath": "\/Users\/qa-team\/ADG-iOS-SDK\/iOSSDK\/ADG\/ADGAdapters\/ADGAdMob\/ADGAdMob\/Sources\/GADAdMobAdvancedMediation.swift",
      "kind": "StringLiteral",
      "offset": 680,
      "length": 40,
      "value": "\"ca-app-pub-3940256099942544\/3986624511\""
    },
    {
      "filePath": "\/Users\/qa-team\/ADG-iOS-SDK\/iOSSDK\/ADG\/ADGAdapters\/ADGAdMob\/ADGAdMob\/Sources\/GADAdMobAdvancedMediation.swift",
      "kind": "StringLiteral",
      "offset": 859,
      "length": 22,
      "value": "\"ad unit ID is empty.\""
    },
    {
      "filePath": "\/Users\/qa-team\/ADG-iOS-SDK\/iOSSDK\/ADG\/ADGAdapters\/ADGAdMob\/ADGAdMob\/Sources\/GADAdMobAdvancedMediation.swift",
      "kind": "BooleanLiteral",
      "offset": 902,
      "length": 5,
      "value": "false"
    },
    {
      "filePath": "\/Users\/qa-team\/ADG-iOS-SDK\/iOSSDK\/ADG\/ADGAdapters\/ADGAdMob\/ADGAdMob\/Sources\/GADAdMobAdvancedMediation.swift",
      "kind": "IntegerLiteral",
      "offset": 1222,
      "length": 2,
      "value": "12"
    },
    {
      "filePath": "\/Users\/qa-team\/ADG-iOS-SDK\/iOSSDK\/ADG\/ADGAdapters\/ADGAdMob\/ADGAdMob\/Sources\/GADAdMobAdvancedMediation.swift",
      "kind": "StringLiteral",
      "offset": 1281,
      "length": 26,
      "value": "\"ChildDirected set to %@.\""
    },
    {
      "filePath": "\/Users\/qa-team\/ADG-iOS-SDK\/iOSSDK\/ADG\/ADGAdapters\/ADGAdMob\/ADGAdMob\/Sources\/GADAdMobAdvancedMediation.swift",
      "kind": "StringLiteral",
      "offset": 1348,
      "length": 5,
      "value": "\"YES\""
    },
    {
      "filePath": "\/Users\/qa-team\/ADG-iOS-SDK\/iOSSDK\/ADG\/ADGAdapters\/ADGAdMob\/ADGAdMob\/Sources\/GADAdMobAdvancedMediation.swift",
      "kind": "StringLiteral",
      "offset": 1356,
      "length": 4,
      "value": "\"NO\""
    },
    {
      "filePath": "\/Users\/qa-team\/ADG-iOS-SDK\/iOSSDK\/ADG\/ADGAdapters\/ADGAdMob\/ADGAdMob\/Sources\/GADAdMobAdvancedMediation.swift",
      "kind": "BooleanLiteral",
      "offset": 1569,
      "length": 4,
      "value": "true"
    },
    {
      "filePath": "\/Users\/qa-team\/ADG-iOS-SDK\/iOSSDK\/ADG\/ADGAdapters\/ADGAdMob\/ADGAdMob\/Sources\/GADAdMobAdvancedMediation.swift",
      "kind": "IntegerLiteral",
      "offset": 1771,
      "length": 1,
      "value": "0"
    },
    {
      "filePath": "\/Users\/qa-team\/ADG-iOS-SDK\/iOSSDK\/ADG\/ADGAdapters\/ADGAdMob\/ADGAdMob\/Sources\/GADAdMobAdvancedMediation.swift",
      "kind": "StringLiteral",
      "offset": 1868,
      "length": 22,
      "value": "\"Set contentURL to %@\""
    },
    {
      "filePath": "\/Users\/qa-team\/ADG-iOS-SDK\/iOSSDK\/ADG\/ADGAdapters\/ADGAdMob\/ADGAdMob\/Sources\/GADAdMobAdvancedMediation.swift",
      "kind": "StringLiteral",
      "offset": 2262,
      "length": 24,
      "value": "\"ADGAdMob: \""
    },
    {
      "filePath": "\/Users\/qa-team\/ADG-iOS-SDK\/iOSSDK\/ADG\/ADGAdapters\/ADGAdMob\/ADGAdMob\/Sources\/GADAdMobAdvancedMediation.swift",
      "kind": "StringLiteral",
      "offset": 2285,
      "length": 2,
      "value": "\"\""
    },
    {
      "filePath": "\/Users\/qa-team\/ADG-iOS-SDK\/iOSSDK\/ADG\/ADGAdapters\/ADGAdMob\/ADGAdMob\/Sources\/GADAdMobAdvancedMediation.swift",
      "kind": "BooleanLiteral",
      "offset": 2344,
      "length": 4,
      "value": "true"
    },
    {
      "filePath": "\/Users\/qa-team\/ADG-iOS-SDK\/iOSSDK\/ADG\/ADGAdapters\/ADGAdMob\/ADGAdMob\/Sources\/GADAdMobAdvancedMediation.swift",
      "kind": "BooleanLiteral",
      "offset": 2385,
      "length": 5,
      "value": "false"
    },
    {
      "filePath": "\/Users\/qa-team\/ADG-iOS-SDK\/iOSSDK\/ADG\/ADGAdapters\/ADGAdMob\/ADGAdMob\/Sources\/GADAdMobAdvancedMediation.swift",
      "kind": "StringLiteral",
      "offset": 2687,
      "length": 23,
      "value": "\"failed to receive Ad.\""
    },
    {
      "filePath": "\/Users\/qa-team\/ADG-iOS-SDK\/iOSSDK\/ADG\/ADGAdapters\/ADGAdMob\/ADGAdMob\/Sources\/GADAdMobAdvancedMediation.swift",
      "kind": "StringLiteral",
      "offset": 2912,
      "length": 26,
      "value": "\"adLoaderDidFinishLoading\""
    },
    {
      "filePath": "\/Users\/qa-team\/ADG-iOS-SDK\/iOSSDK\/ADG\/ADGAdapters\/ADGAdMob\/ADGAdMob\/Sources\/GADAdMobAdvancedMediation.swift",
      "kind": "StringLiteral",
      "offset": 3095,
      "length": 26,
      "value": "\"adLoaderDidFinishLoading\""
    },
    {
      "filePath": "\/Users\/qa-team\/ADG-iOS-SDK\/iOSSDK\/ADG\/ADGAdapters\/ADGAdMob\/ADGAdMob\/Sources\/GADAdMobMediation.swift",
      "kind": "StringLiteral",
      "offset": 660,
      "length": 40,
      "value": "\"ca-app-pub-3940256099942544\/2934735716\""
    },
    {
      "filePath": "\/Users\/qa-team\/ADG-iOS-SDK\/iOSSDK\/ADG\/ADGAdapters\/ADGAdMob\/ADGAdMob\/Sources\/GADAdMobMediation.swift",
      "kind": "StringLiteral",
      "offset": 778,
      "length": 25,
      "value": "\"loadProcess is started.\""
    },
    {
      "filePath": "\/Users\/qa-team\/ADG-iOS-SDK\/iOSSDK\/ADG\/ADGAdapters\/ADGAdMob\/ADGAdMob\/Sources\/GADAdMobMediation.swift",
      "kind": "StringLiteral",
      "offset": 996,
      "length": 22,
      "value": "\"ad unit ID is empty.\""
    },
    {
      "filePath": "\/Users\/qa-team\/ADG-iOS-SDK\/iOSSDK\/ADG\/ADGAdapters\/ADGAdMob\/ADGAdMob\/Sources\/GADAdMobMediation.swift",
      "kind": "BooleanLiteral",
      "offset": 1039,
      "length": 5,
      "value": "false"
    },
    {
      "filePath": "\/Users\/qa-team\/ADG-iOS-SDK\/iOSSDK\/ADG\/ADGAdapters\/ADGAdMob\/ADGAdMob\/Sources\/GADAdMobMediation.swift",
      "kind": "StringLiteral",
      "offset": 1154,
      "length": 33,
      "value": "\"rootViewController is required.\""
    },
    {
      "filePath": "\/Users\/qa-team\/ADG-iOS-SDK\/iOSSDK\/ADG\/ADGAdapters\/ADGAdMob\/ADGAdMob\/Sources\/GADAdMobMediation.swift",
      "kind": "BooleanLiteral",
      "offset": 1208,
      "length": 5,
      "value": "false"
    },
    {
      "filePath": "\/Users\/qa-team\/ADG-iOS-SDK\/iOSSDK\/ADG\/ADGAdapters\/ADGAdMob\/ADGAdMob\/Sources\/GADAdMobMediation.swift",
      "kind": "IntegerLiteral",
      "offset": 1394,
      "length": 2,
      "value": "12"
    },
    {
      "filePath": "\/Users\/qa-team\/ADG-iOS-SDK\/iOSSDK\/ADG\/ADGAdapters\/ADGAdMob\/ADGAdMob\/Sources\/GADAdMobMediation.swift",
      "kind": "StringLiteral",
      "offset": 1453,
      "length": 26,
      "value": "\"ChildDirected set to %@.\""
    },
    {
      "filePath": "\/Users\/qa-team\/ADG-iOS-SDK\/iOSSDK\/ADG\/ADGAdapters\/ADGAdMob\/ADGAdMob\/Sources\/GADAdMobMediation.swift",
      "kind": "StringLiteral",
      "offset": 1520,
      "length": 5,
      "value": "\"YES\""
    },
    {
      "filePath": "\/Users\/qa-team\/ADG-iOS-SDK\/iOSSDK\/ADG\/ADGAdapters\/ADGAdMob\/ADGAdMob\/Sources\/GADAdMobMediation.swift",
      "kind": "StringLiteral",
      "offset": 1528,
      "length": 4,
      "value": "\"NO\""
    },
    {
      "filePath": "\/Users\/qa-team\/ADG-iOS-SDK\/iOSSDK\/ADG\/ADGAdapters\/ADGAdMob\/ADGAdMob\/Sources\/GADAdMobMediation.swift",
      "kind": "StringLiteral",
      "offset": 1694,
      "length": 41,
      "value": "\"Google Mobile Ads SDK version: %d.%d.%d\""
    },
    {
      "filePath": "\/Users\/qa-team\/ADG-iOS-SDK\/iOSSDK\/ADG\/ADGAdapters\/ADGAdMob\/ADGAdMob\/Sources\/GADAdMobMediation.swift",
      "kind": "StringLiteral",
      "offset": 2278,
      "length": 22,
      "value": "\"not make bannerView.\""
    },
    {
      "filePath": "\/Users\/qa-team\/ADG-iOS-SDK\/iOSSDK\/ADG\/ADGAdapters\/ADGAdMob\/ADGAdMob\/Sources\/GADAdMobMediation.swift",
      "kind": "BooleanLiteral",
      "offset": 2321,
      "length": 5,
      "value": "false"
    },
    {
      "filePath": "\/Users\/qa-team\/ADG-iOS-SDK\/iOSSDK\/ADG\/ADGAdapters\/ADGAdMob\/ADGAdMob\/Sources\/GADAdMobMediation.swift",
      "kind": "StringLiteral",
      "offset": 2514,
      "length": 27,
      "value": "\"loadProcess is succeeded.\""
    },
    {
      "filePath": "\/Users\/qa-team\/ADG-iOS-SDK\/iOSSDK\/ADG\/ADGAdapters\/ADGAdMob\/ADGAdMob\/Sources\/GADAdMobMediation.swift",
      "kind": "BooleanLiteral",
      "offset": 2593,
      "length": 4,
      "value": "true"
    },
    {
      "filePath": "\/Users\/qa-team\/ADG-iOS-SDK\/iOSSDK\/ADG\/ADGAdapters\/ADGAdMob\/ADGAdMob\/Sources\/GADAdMobMediation.swift",
      "kind": "StringLiteral",
      "offset": 2674,
      "length": 26,
      "value": "\"startProcess is started.\""
    },
    {
      "filePath": "\/Users\/qa-team\/ADG-iOS-SDK\/iOSSDK\/ADG\/ADGAdapters\/ADGAdMob\/ADGAdMob\/Sources\/GADAdMobMediation.swift",
      "kind": "IntegerLiteral",
      "offset": 2887,
      "length": 1,
      "value": "0"
    },
    {
      "filePath": "\/Users\/qa-team\/ADG-iOS-SDK\/iOSSDK\/ADG\/ADGAdapters\/ADGAdMob\/ADGAdMob\/Sources\/GADAdMobMediation.swift",
      "kind": "StringLiteral",
      "offset": 2984,
      "length": 22,
      "value": "\"Set contentURL to %@\""
    },
    {
      "filePath": "\/Users\/qa-team\/ADG-iOS-SDK\/iOSSDK\/ADG\/ADGAdapters\/ADGAdMob\/ADGAdMob\/Sources\/GADAdMobMediation.swift",
      "kind": "StringLiteral",
      "offset": 3759,
      "length": 24,
      "value": "\"ADGAdMob: \""
    },
    {
      "filePath": "\/Users\/qa-team\/ADG-iOS-SDK\/iOSSDK\/ADG\/ADGAdapters\/ADGAdMob\/ADGAdMob\/Sources\/GADAdMobMediation.swift",
      "kind": "StringLiteral",
      "offset": 3782,
      "length": 2,
      "value": "\"\""
    },
    {
      "filePath": "\/Users\/qa-team\/ADG-iOS-SDK\/iOSSDK\/ADG\/ADGAdapters\/ADGAdMob\/ADGAdMob\/Sources\/GADAdMobMediation.swift",
      "kind": "BooleanLiteral",
      "offset": 3841,
      "length": 4,
      "value": "true"
    },
    {
      "filePath": "\/Users\/qa-team\/ADG-iOS-SDK\/iOSSDK\/ADG\/ADGAdapters\/ADGAdMob\/ADGAdMob\/Sources\/GADAdMobMediation.swift",
      "kind": "BooleanLiteral",
      "offset": 3882,
      "length": 5,
      "value": "false"
    },
    {
      "filePath": "\/Users\/qa-team\/ADG-iOS-SDK\/iOSSDK\/ADG\/ADGAdapters\/ADGAdMob\/ADGAdMob\/Sources\/GADAdMobMediation.swift",
      "kind": "StringLiteral",
      "offset": 3952,
      "length": 29,
      "value": "\"instance will be destroyed.\""
    },
    {
      "filePath": "\/Users\/qa-team\/ADG-iOS-SDK\/iOSSDK\/ADG\/ADGAdapters\/ADGAdMob\/ADGAdMob\/Sources\/GADAdMobMediation.swift",
      "kind": "StringLiteral",
      "offset": 4609,
      "length": 10,
      "value": "\"creating\""
    },
    {
      "filePath": "\/Users\/qa-team\/ADG-iOS-SDK\/iOSSDK\/ADG\/ADGAdapters\/ADGAdMob\/ADGAdMob\/Sources\/GADAdMobMediation.swift",
      "kind": "IntegerLiteral",
      "offset": 5661,
      "length": 3,
      "value": "728"
    },
    {
      "filePath": "\/Users\/qa-team\/ADG-iOS-SDK\/iOSSDK\/ADG\/ADGAdapters\/ADGAdMob\/ADGAdMob\/Sources\/GADAdMobMediation.swift",
      "kind": "IntegerLiteral",
      "offset": 5690,
      "length": 2,
      "value": "90"
    },
    {
      "filePath": "\/Users\/qa-team\/ADG-iOS-SDK\/iOSSDK\/ADG\/ADGAdapters\/ADGAdMob\/ADGAdMob\/Sources\/GADAdMobMediation.swift",
      "kind": "IntegerLiteral",
      "offset": 5774,
      "length": 3,
      "value": "468"
    },
    {
      "filePath": "\/Users\/qa-team\/ADG-iOS-SDK\/iOSSDK\/ADG\/ADGAdapters\/ADGAdMob\/ADGAdMob\/Sources\/GADAdMobMediation.swift",
      "kind": "IntegerLiteral",
      "offset": 5803,
      "length": 2,
      "value": "60"
    },
    {
      "filePath": "\/Users\/qa-team\/ADG-iOS-SDK\/iOSSDK\/ADG\/ADGAdapters\/ADGAdMob\/ADGAdMob\/Sources\/GADAdMobMediation.swift",
      "kind": "IntegerLiteral",
      "offset": 5886,
      "length": 3,
      "value": "300"
    },
    {
      "filePath": "\/Users\/qa-team\/ADG-iOS-SDK\/iOSSDK\/ADG\/ADGAdapters\/ADGAdMob\/ADGAdMob\/Sources\/GADAdMobMediation.swift",
      "kind": "IntegerLiteral",
      "offset": 5915,
      "length": 3,
      "value": "250"
    },
    {
      "filePath": "\/Users\/qa-team\/ADG-iOS-SDK\/iOSSDK\/ADG\/ADGAdapters\/ADGAdMob\/ADGAdMob\/Sources\/GADAdMobMediation.swift",
      "kind": "IntegerLiteral",
      "offset": 6004,
      "length": 3,
      "value": "320"
    },
    {
      "filePath": "\/Users\/qa-team\/ADG-iOS-SDK\/iOSSDK\/ADG\/ADGAdapters\/ADGAdMob\/ADGAdMob\/Sources\/GADAdMobMediation.swift",
      "kind": "IntegerLiteral",
      "offset": 6033,
      "length": 3,
      "value": "100"
    },
    {
      "filePath": "\/Users\/qa-team\/ADG-iOS-SDK\/iOSSDK\/ADG\/ADGAdapters\/ADGAdMob\/ADGAdMob\/Sources\/GADAdMobMediation.swift",
      "kind": "BooleanLiteral",
      "offset": 6845,
      "length": 5,
      "value": "false"
    },
    {
      "filePath": "\/Users\/qa-team\/ADG-iOS-SDK\/iOSSDK\/ADG\/ADGAdapters\/ADGAdMob\/ADGAdMob\/Sources\/GADAdMobMediation.swift",
      "kind": "IntegerLiteral",
      "offset": 7073,
      "length": 1,
      "value": "1"
    },
    {
      "filePath": "\/Users\/qa-team\/ADG-iOS-SDK\/iOSSDK\/ADG\/ADGAdapters\/ADGAdMob\/ADGAdMob\/Sources\/GADAdMobMediation.swift",
      "kind": "IntegerLiteral",
      "offset": 7098,
      "length": 1,
      "value": "0"
    },
    {
      "filePath": "\/Users\/qa-team\/ADG-iOS-SDK\/iOSSDK\/ADG\/ADGAdapters\/ADGAdMob\/ADGAdMob\/Sources\/GADAdMobMediation.swift",
      "kind": "IntegerLiteral",
      "offset": 7333,
      "length": 1,
      "value": "1"
    },
    {
      "filePath": "\/Users\/qa-team\/ADG-iOS-SDK\/iOSSDK\/ADG\/ADGAdapters\/ADGAdMob\/ADGAdMob\/Sources\/GADAdMobMediation.swift",
      "kind": "IntegerLiteral",
      "offset": 7358,
      "length": 1,
      "value": "0"
    },
    {
      "filePath": "\/Users\/qa-team\/ADG-iOS-SDK\/iOSSDK\/ADG\/ADGAdapters\/ADGAdMob\/ADGAdMob\/Sources\/GADAdMobMediation.swift",
      "kind": "StringLiteral",
      "offset": 7860,
      "length": 23,
      "value": "\"request successfully.\""
    },
    {
      "filePath": "\/Users\/qa-team\/ADG-iOS-SDK\/iOSSDK\/ADG\/ADGAdapters\/ADGAdMob\/ADGAdMob\/Sources\/GADAdMobMediation.swift",
      "kind": "StringLiteral",
      "offset": 8083,
      "length": 17,
      "value": "\"request failed.\""
    },
    {
      "filePath": "\/Users\/qa-team\/ADG-iOS-SDK\/iOSSDK\/ADG\/ADGAdapters\/ADGAdMob\/ADGAdMob\/Sources\/GADAdMobMediation.swift",
      "kind": "StringLiteral",
      "offset": 8318,
      "length": 81,
      "value": "\"a full screen view will be presented in response to the user clicking on an ad.\""
    },
    {
      "filePath": "\/Users\/qa-team\/ADG-iOS-SDK\/iOSSDK\/ADG\/ADGAdapters\/ADGAdMob\/ADGAdMob\/Sources\/GADAdMobMediation.swift",
      "kind": "StringLiteral",
      "offset": 8547,
      "length": 32,
      "value": "\"bannerViewDidRecordImpression.\""
    },
    {
      "filePath": "\/Users\/qa-team\/ADG-iOS-SDK\/iOSSDK\/ADG\/ADGAdapters\/ADGAdMob\/ADGAdMob\/Sources\/GADAdMobMediation.swift",
      "kind": "StringLiteral",
      "offset": 8725,
      "length": 41,
      "value": "\"the full screen view will be dismissed.\""
    },
    {
      "filePath": "\/Users\/qa-team\/ADG-iOS-SDK\/iOSSDK\/ADG\/ADGAdapters\/ADGAdMob\/ADGAdMob\/Sources\/GADAdMobMediation.swift",
      "kind": "StringLiteral",
      "offset": 8911,
      "length": 40,
      "value": "\"the full screen view did be dismissed.\""
    },
    {
      "filePath": "\/Users\/qa-team\/ADG-iOS-SDK\/iOSSDK\/ADG\/ADGAdapters\/ADGAdMob\/ADGAdMob\/Sources\/GADAdMobInterstitialMediation.swift",
      "kind": "BooleanLiteral",
      "offset": 637,
      "length": 5,
      "value": "false"
    },
    {
      "filePath": "\/Users\/qa-team\/ADG-iOS-SDK\/iOSSDK\/ADG\/ADGAdapters\/ADGAdMob\/ADGAdMob\/Sources\/GADAdMobInterstitialMediation.swift",
      "kind": "BooleanLiteral",
      "offset": 681,
      "length": 5,
      "value": "false"
    },
    {
      "filePath": "\/Users\/qa-team\/ADG-iOS-SDK\/iOSSDK\/ADG\/ADGAdapters\/ADGAdMob\/ADGAdMob\/Sources\/GADAdMobInterstitialMediation.swift",
      "kind": "StringLiteral",
      "offset": 790,
      "length": 40,
      "value": "\"ca-app-pub-3940256099942544\/4411468910\""
    },
    {
      "filePath": "\/Users\/qa-team\/ADG-iOS-SDK\/iOSSDK\/ADG\/ADGAdapters\/ADGAdMob\/ADGAdMob\/Sources\/GADAdMobInterstitialMediation.swift",
      "kind": "BooleanLiteral",
      "offset": 914,
      "length": 4,
      "value": "true"
    },
    {
      "filePath": "\/Users\/qa-team\/ADG-iOS-SDK\/iOSSDK\/ADG\/ADGAdapters\/ADGAdMob\/ADGAdMob\/Sources\/GADAdMobInterstitialMediation.swift",
      "kind": "BooleanLiteral",
      "offset": 957,
      "length": 5,
      "value": "false"
    },
    {
      "filePath": "\/Users\/qa-team\/ADG-iOS-SDK\/iOSSDK\/ADG\/ADGAdapters\/ADGAdMob\/ADGAdMob\/Sources\/GADAdMobInterstitialMediation.swift",
      "kind": "BooleanLiteral",
      "offset": 992,
      "length": 5,
      "value": "false"
    },
    {
      "filePath": "\/Users\/qa-team\/ADG-iOS-SDK\/iOSSDK\/ADG\/ADGAdapters\/ADGAdMob\/ADGAdMob\/Sources\/GADAdMobInterstitialMediation.swift",
      "kind": "StringLiteral",
      "offset": 1098,
      "length": 22,
      "value": "\"ad unit ID is empty.\""
    },
    {
      "filePath": "\/Users\/qa-team\/ADG-iOS-SDK\/iOSSDK\/ADG\/ADGAdapters\/ADGAdMob\/ADGAdMob\/Sources\/GADAdMobInterstitialMediation.swift",
      "kind": "BooleanLiteral",
      "offset": 1141,
      "length": 5,
      "value": "false"
    },
    {
      "filePath": "\/Users\/qa-team\/ADG-iOS-SDK\/iOSSDK\/ADG\/ADGAdapters\/ADGAdMob\/ADGAdMob\/Sources\/GADAdMobInterstitialMediation.swift",
      "kind": "StringLiteral",
      "offset": 1256,
      "length": 32,
      "value": "\"rootViewController is required\""
    },
    {
      "filePath": "\/Users\/qa-team\/ADG-iOS-SDK\/iOSSDK\/ADG\/ADGAdapters\/ADGAdMob\/ADGAdMob\/Sources\/GADAdMobInterstitialMediation.swift",
      "kind": "BooleanLiteral",
      "offset": 1309,
      "length": 5,
      "value": "false"
    },
    {
      "filePath": "\/Users\/qa-team\/ADG-iOS-SDK\/iOSSDK\/ADG\/ADGAdapters\/ADGAdMob\/ADGAdMob\/Sources\/GADAdMobInterstitialMediation.swift",
      "kind": "IntegerLiteral",
      "offset": 1620,
      "length": 2,
      "value": "12"
    },
    {
      "filePath": "\/Users\/qa-team\/ADG-iOS-SDK\/iOSSDK\/ADG\/ADGAdapters\/ADGAdMob\/ADGAdMob\/Sources\/GADAdMobInterstitialMediation.swift",
      "kind": "StringLiteral",
      "offset": 1679,
      "length": 26,
      "value": "\"ChildDirected set to %@.\""
    },
    {
      "filePath": "\/Users\/qa-team\/ADG-iOS-SDK\/iOSSDK\/ADG\/ADGAdapters\/ADGAdMob\/ADGAdMob\/Sources\/GADAdMobInterstitialMediation.swift",
      "kind": "StringLiteral",
      "offset": 1746,
      "length": 5,
      "value": "\"YES\""
    },
    {
      "filePath": "\/Users\/qa-team\/ADG-iOS-SDK\/iOSSDK\/ADG\/ADGAdapters\/ADGAdMob\/ADGAdMob\/Sources\/GADAdMobInterstitialMediation.swift",
      "kind": "StringLiteral",
      "offset": 1754,
      "length": 4,
      "value": "\"NO\""
    },
    {
      "filePath": "\/Users\/qa-team\/ADG-iOS-SDK\/iOSSDK\/ADG\/ADGAdapters\/ADGAdMob\/ADGAdMob\/Sources\/GADAdMobInterstitialMediation.swift",
      "kind": "IntegerLiteral",
      "offset": 1927,
      "length": 1,
      "value": "0"
    },
    {
      "filePath": "\/Users\/qa-team\/ADG-iOS-SDK\/iOSSDK\/ADG\/ADGAdapters\/ADGAdMob\/ADGAdMob\/Sources\/GADAdMobInterstitialMediation.swift",
      "kind": "StringLiteral",
      "offset": 2024,
      "length": 22,
      "value": "\"Set contentURL to %@\""
    },
    {
      "filePath": "\/Users\/qa-team\/ADG-iOS-SDK\/iOSSDK\/ADG\/ADGAdapters\/ADGAdMob\/ADGAdMob\/Sources\/GADAdMobInterstitialMediation.swift",
      "kind": "StringLiteral",
      "offset": 2279,
      "length": 23,
      "value": "\"failed to receive Ad.\""
    },
    {
      "filePath": "\/Users\/qa-team\/ADG-iOS-SDK\/iOSSDK\/ADG\/ADGAdapters\/ADGAdMob\/ADGAdMob\/Sources\/GADAdMobInterstitialMediation.swift",
      "kind": "BooleanLiteral",
      "offset": 2579,
      "length": 4,
      "value": "true"
    },
    {
      "filePath": "\/Users\/qa-team\/ADG-iOS-SDK\/iOSSDK\/ADG\/ADGAdapters\/ADGAdMob\/ADGAdMob\/Sources\/GADAdMobInterstitialMediation.swift",
      "kind": "StringLiteral",
      "offset": 2618,
      "length": 22,
      "value": "\"succeeded to load Ad\""
    },
    {
      "filePath": "\/Users\/qa-team\/ADG-iOS-SDK\/iOSSDK\/ADG\/ADGAdapters\/ADGAdMob\/ADGAdMob\/Sources\/GADAdMobInterstitialMediation.swift",
      "kind": "BooleanLiteral",
      "offset": 2821,
      "length": 4,
      "value": "true"
    },
    {
      "filePath": "\/Users\/qa-team\/ADG-iOS-SDK\/iOSSDK\/ADG\/ADGAdapters\/ADGAdMob\/ADGAdMob\/Sources\/GADAdMobInterstitialMediation.swift",
      "kind": "BooleanLiteral",
      "offset": 3011,
      "length": 5,
      "value": "false"
    },
    {
      "filePath": "\/Users\/qa-team\/ADG-iOS-SDK\/iOSSDK\/ADG\/ADGAdapters\/ADGAdMob\/ADGAdMob\/Sources\/GADAdMobInterstitialMediation.swift",
      "kind": "BooleanLiteral",
      "offset": 3050,
      "length": 5,
      "value": "false"
    },
    {
      "filePath": "\/Users\/qa-team\/ADG-iOS-SDK\/iOSSDK\/ADG\/ADGAdapters\/ADGAdMob\/ADGAdMob\/Sources\/GADAdMobInterstitialMediation.swift",
      "kind": "BooleanLiteral",
      "offset": 3184,
      "length": 4,
      "value": "true"
    },
    {
      "filePath": "\/Users\/qa-team\/ADG-iOS-SDK\/iOSSDK\/ADG\/ADGAdapters\/ADGAdMob\/ADGAdMob\/Sources\/GADAdMobInterstitialMediation.swift",
      "kind": "StringLiteral",
      "offset": 3429,
      "length": 24,
      "value": "\"ADGAdMob: \""
    },
    {
      "filePath": "\/Users\/qa-team\/ADG-iOS-SDK\/iOSSDK\/ADG\/ADGAdapters\/ADGAdMob\/ADGAdMob\/Sources\/GADAdMobInterstitialMediation.swift",
      "kind": "StringLiteral",
      "offset": 3452,
      "length": 2,
      "value": "\"\""
    },
    {
      "filePath": "\/Users\/qa-team\/ADG-iOS-SDK\/iOSSDK\/ADG\/ADGAdapters\/ADGAdMob\/ADGAdMob\/Sources\/GADAdMobInterstitialMediation.swift",
      "kind": "BooleanLiteral",
      "offset": 3511,
      "length": 4,
      "value": "true"
    },
    {
      "filePath": "\/Users\/qa-team\/ADG-iOS-SDK\/iOSSDK\/ADG\/ADGAdapters\/ADGAdMob\/ADGAdMob\/Sources\/GADAdMobInterstitialMediation.swift",
      "kind": "BooleanLiteral",
      "offset": 3552,
      "length": 5,
      "value": "false"
    },
    {
      "filePath": "\/Users\/qa-team\/ADG-iOS-SDK\/iOSSDK\/ADG\/ADGAdapters\/ADGAdMob\/ADGAdMob\/Sources\/GADAdMobInterstitialMediation.swift",
      "kind": "StringLiteral",
      "offset": 3755,
      "length": 23,
      "value": "\"adDidRecordImpression\""
    },
    {
      "filePath": "\/Users\/qa-team\/ADG-iOS-SDK\/iOSSDK\/ADG\/ADGAdapters\/ADGAdMob\/ADGAdMob\/Sources\/GADAdMobInterstitialMediation.swift",
      "kind": "StringLiteral",
      "offset": 3931,
      "length": 32,
      "value": "\"adWillPresentFullScreenContent\""
    },
    {
      "filePath": "\/Users\/qa-team\/ADG-iOS-SDK\/iOSSDK\/ADG\/ADGAdapters\/ADGAdMob\/ADGAdMob\/Sources\/GADAdMobInterstitialMediation.swift",
      "kind": "StringLiteral",
      "offset": 4181,
      "length": 23,
      "value": "\"failed to receive Ad.\""
    },
    {
      "filePath": "\/Users\/qa-team\/ADG-iOS-SDK\/iOSSDK\/ADG\/ADGAdapters\/ADGAdMob\/ADGAdMob\/Sources\/GADAdMobInterstitialMediation.swift",
      "kind": "StringLiteral",
      "offset": 4420,
      "length": 32,
      "value": "\"adWillDismissFullScreenContent\""
    },
    {
      "filePath": "\/Users\/qa-team\/ADG-iOS-SDK\/iOSSDK\/ADG\/ADGAdapters\/ADGAdMob\/ADGAdMob\/Sources\/GADAdMobInterstitialMediation.swift",
      "kind": "StringLiteral",
      "offset": 4604,
      "length": 8,
      "value": "\"closed\""
    }
  ]
}