{
  "ABIRoot": {
    "kind": "Root",
    "name": "TopLevel",
    "printedName": "TopLevel",
    "children": [
      {
        "kind": "Import",
        "name": "Foundation",
        "printedName": "Foundation",
        "declKind": "Import",
        "moduleName": "ADGPangle",
        "declAttributes": [
          "RawDocComment"
        ]
      },
      {
        "kind": "Import",
        "name": "ADG",
        "printedName": "ADG",
        "declKind": "Import",
        "moduleName": "ADGPangle"
      },
      {
        "kind": "Import",
        "name": "PAGAdSDK",
        "printedName": "PAGAdSDK",
        "declKind": "Import",
        "moduleName": "ADGPangle"
      }
    ],
    "json_format_version": 8
  },
  "ConstValues": []
}