{
  "ABIRoot": {
    "kind": "Root",
    "name": "TopLevel",
    "printedName": "TopLevel",
    "children": [
      {
        "kind": "Import",
        "name": "Foundation",
        "printedName": "Foundation",
        "declKind": "Import",
        "moduleName": "ADGPangle",
        "declAttributes": [
          "RawDocComment"
        ]
      },
      {
        "kind": "Import",
        "name": "ADG",
        "printedName": "ADG",
        "declKind": "Import",
        "moduleName": "ADGPangle"
      },
      {
        "kind": "Import",
        "name": "PAGAdSDK",
        "printedName": "PAGAdSDK",
        "declKind": "Import",
        "moduleName": "ADGPangle"
      }
    ],
    "json_format_version": 8
  },
  "ConstValues": [
    {
      "filePath": "\/Users\/masaki.ando\/Documents\/Workspace\/repo\/ADG-iOS-SDK\/iOSSDK\/ADG\/ADGAdapters\/ADGPangle\/ADGPangle\/PangleMediation.swift",
      "kind": "StringLiteral",
      "offset": 977,
      "length": 25,
      "value": "\"ADGPangle: \""
    },
    {
      "filePath": "\/Users\/masaki.ando\/Documents\/Workspace\/repo\/ADG-iOS-SDK\/iOSSDK\/ADG\/ADGAdapters\/ADGPangle\/ADGPangle\/PangleMediation.swift",
      "kind": "StringLiteral",
      "offset": 1001,
      "length": 2,
      "value": "\"\""
    },
    {
      "filePath": "\/Users\/masaki.ando\/Documents\/Workspace\/repo\/ADG-iOS-SDK\/iOSSDK\/ADG\/ADGAdapters\/ADGPangle\/ADGPangle\/PangleMediation.swift",
      "kind": "StringLiteral",
      "offset": 1205,
      "length": 48,
      "value": "\"ADGPangle: \""
    },
    {
      "filePath": "\/Users\/masaki.ando\/Documents\/Workspace\/repo\/ADG-iOS-SDK\/iOSSDK\/ADG\/ADGAdapters\/ADGPangle\/ADGPangle\/PangleMediation.swift",
      "kind": "StringLiteral",
      "offset": 1229,
      "length": 1,
      "value": "\": Unsupported OSVersion\""
    },
    {
      "filePath": "\/Users\/masaki.ando\/Documents\/Workspace\/repo\/ADG-iOS-SDK\/iOSSDK\/ADG\/ADGAdapters\/ADGPangle\/ADGPangle\/PangleMediation.swift",
      "kind": "BooleanLiteral",
      "offset": 1274,
      "length": 5,
      "value": "false"
    },
    {
      "filePath": "\/Users\/masaki.ando\/Documents\/Workspace\/repo\/ADG-iOS-SDK\/iOSSDK\/ADG\/ADGAdapters\/ADGPangle\/ADGPangle\/PangleMediation.swift",
      "kind": "StringLiteral",
      "offset": 1424,
      "length": 50,
      "value": "\"ADGPangle: \""
    },
    {
      "filePath": "\/Users\/masaki.ando\/Documents\/Workspace\/repo\/ADG-iOS-SDK\/iOSSDK\/ADG\/ADGAdapters\/ADGPangle\/ADGPangle\/PangleMediation.swift",
      "kind": "StringLiteral",
      "offset": 1448,
      "length": 1,
      "value": "\": self.rootViewCon is nil\""
    },
    {
      "filePath": "\/Users\/masaki.ando\/Documents\/Workspace\/repo\/ADG-iOS-SDK\/iOSSDK\/ADG\/ADGAdapters\/ADGPangle\/ADGPangle\/PangleMediation.swift",
      "kind": "BooleanLiteral",
      "offset": 1495,
      "length": 5,
      "value": "false"
    },
    {
      "filePath": "\/Users\/masaki.ando\/Documents\/Workspace\/repo\/ADG-iOS-SDK\/iOSSDK\/ADG\/ADGAdapters\/ADGPangle\/ADGPangle\/PangleMediation.swift",
      "kind": "StringLiteral",
      "offset": 1635,
      "length": 58,
      "value": "\"ADGPangle: \""
    },
    {
      "filePath": "\/Users\/masaki.ando\/Documents\/Workspace\/repo\/ADG-iOS-SDK\/iOSSDK\/ADG\/ADGAdapters\/ADGPangle\/ADGPangle\/PangleMediation.swift",
      "kind": "StringLiteral",
      "offset": 1659,
      "length": 1,
      "value": "\": ADGManagerViewController is nil\""
    },
    {
      "filePath": "\/Users\/masaki.ando\/Documents\/Workspace\/repo\/ADG-iOS-SDK\/iOSSDK\/ADG\/ADGAdapters\/ADGPangle\/ADGPangle\/PangleMediation.swift",
      "kind": "BooleanLiteral",
      "offset": 1714,
      "length": 5,
      "value": "false"
    },
    {
      "filePath": "\/Users\/masaki.ando\/Documents\/Workspace\/repo\/ADG-iOS-SDK\/iOSSDK\/ADG\/ADGAdapters\/ADGPangle\/ADGPangle\/PangleMediation.swift",
      "kind": "StringLiteral",
      "offset": 1891,
      "length": 54,
      "value": "\"ADGPangle: \""
    },
    {
      "filePath": "\/Users\/masaki.ando\/Documents\/Workspace\/repo\/ADG-iOS-SDK\/iOSSDK\/ADG\/ADGAdapters\/ADGPangle\/ADGPangle\/PangleMediation.swift",
      "kind": "StringLiteral",
      "offset": 1915,
      "length": 1,
      "value": "\": adid(AppID) is nil or empty\""
    },
    {
      "filePath": "\/Users\/masaki.ando\/Documents\/Workspace\/repo\/ADG-iOS-SDK\/iOSSDK\/ADG\/ADGAdapters\/ADGPangle\/ADGPangle\/PangleMediation.swift",
      "kind": "BooleanLiteral",
      "offset": 1966,
      "length": 5,
      "value": "false"
    },
    {
      "filePath": "\/Users\/masaki.ando\/Documents\/Workspace\/repo\/ADG-iOS-SDK\/iOSSDK\/ADG\/ADGAdapters\/ADGPangle\/ADGPangle\/PangleMediation.swift",
      "kind": "StringLiteral",
      "offset": 2128,
      "length": 13,
      "value": "\"placementId\""
    },
    {
      "filePath": "\/Users\/masaki.ando\/Documents\/Workspace\/repo\/ADG-iOS-SDK\/iOSSDK\/ADG\/ADGAdapters\/ADGPangle\/ADGPangle\/PangleMediation.swift",
      "kind": "StringLiteral",
      "offset": 2195,
      "length": 54,
      "value": "\"ADGPangle: \""
    },
    {
      "filePath": "\/Users\/masaki.ando\/Documents\/Workspace\/repo\/ADG-iOS-SDK\/iOSSDK\/ADG\/ADGAdapters\/ADGPangle\/ADGPangle\/PangleMediation.swift",
      "kind": "StringLiteral",
      "offset": 2219,
      "length": 1,
      "value": "\": placementId is nil or empty\""
    },
    {
      "filePath": "\/Users\/masaki.ando\/Documents\/Workspace\/repo\/ADG-iOS-SDK\/iOSSDK\/ADG\/ADGAdapters\/ADGPangle\/ADGPangle\/PangleMediation.swift",
      "kind": "BooleanLiteral",
      "offset": 2270,
      "length": 5,
      "value": "false"
    },
    {
      "filePath": "\/Users\/masaki.ando\/Documents\/Workspace\/repo\/ADG-iOS-SDK\/iOSSDK\/ADG\/ADGAdapters\/ADGPangle\/ADGPangle\/PangleMediation.swift",
      "kind": "BooleanLiteral",
      "offset": 2675,
      "length": 4,
      "value": "true"
    },
    {
      "filePath": "\/Users\/masaki.ando\/Documents\/Workspace\/repo\/ADG-iOS-SDK\/iOSSDK\/ADG\/ADGAdapters\/ADGPangle\/ADGPangle\/PangleMediation.swift",
      "kind": "StringLiteral",
      "offset": 2879,
      "length": 25,
      "value": "\"ADGPangle: \""
    },
    {
      "filePath": "\/Users\/masaki.ando\/Documents\/Workspace\/repo\/ADG-iOS-SDK\/iOSSDK\/ADG\/ADGAdapters\/ADGPangle\/ADGPangle\/PangleMediation.swift",
      "kind": "StringLiteral",
      "offset": 2903,
      "length": 2,
      "value": "\"\""
    },
    {
      "filePath": "\/Users\/masaki.ando\/Documents\/Workspace\/repo\/ADG-iOS-SDK\/iOSSDK\/ADG\/ADGAdapters\/ADGPangle\/ADGPangle\/PangleMediation.swift",
      "kind": "StringLiteral",
      "offset": 3128,
      "length": 25,
      "value": "\"ADGPangle: \""
    },
    {
      "filePath": "\/Users\/masaki.ando\/Documents\/Workspace\/repo\/ADG-iOS-SDK\/iOSSDK\/ADG\/ADGAdapters\/ADGPangle\/ADGPangle\/PangleMediation.swift",
      "kind": "StringLiteral",
      "offset": 3152,
      "length": 2,
      "value": "\"\""
    },
    {
      "filePath": "\/Users\/masaki.ando\/Documents\/Workspace\/repo\/ADG-iOS-SDK\/iOSSDK\/ADG\/ADGAdapters\/ADGPangle\/ADGPangle\/PangleMediation.swift",
      "kind": "StringLiteral",
      "offset": 3248,
      "length": 42,
      "value": "\"ADGPangle: \""
    },
    {
      "filePath": "\/Users\/masaki.ando\/Documents\/Workspace\/repo\/ADG-iOS-SDK\/iOSSDK\/ADG\/ADGAdapters\/ADGPangle\/ADGPangle\/PangleMediation.swift",
      "kind": "StringLiteral",
      "offset": 3272,
      "length": 1,
      "value": "\": nothing to stop\""
    },
    {
      "filePath": "\/Users\/masaki.ando\/Documents\/Workspace\/repo\/ADG-iOS-SDK\/iOSSDK\/ADG\/ADGAdapters\/ADGPangle\/ADGPangle\/PangleMediation.swift",
      "kind": "StringLiteral",
      "offset": 3622,
      "length": 25,
      "value": "\"ADGPangle: \""
    },
    {
      "filePath": "\/Users\/masaki.ando\/Documents\/Workspace\/repo\/ADG-iOS-SDK\/iOSSDK\/ADG\/ADGAdapters\/ADGPangle\/ADGPangle\/PangleMediation.swift",
      "kind": "StringLiteral",
      "offset": 3646,
      "length": 2,
      "value": "\"\""
    },
    {
      "filePath": "\/Users\/masaki.ando\/Documents\/Workspace\/repo\/ADG-iOS-SDK\/iOSSDK\/ADG\/ADGAdapters\/ADGPangle\/ADGPangle\/PangleMediation.swift",
      "kind": "BooleanLiteral",
      "offset": 3705,
      "length": 4,
      "value": "true"
    },
    {
      "filePath": "\/Users\/masaki.ando\/Documents\/Workspace\/repo\/ADG-iOS-SDK\/iOSSDK\/ADG\/ADGAdapters\/ADGPangle\/ADGPangle\/PangleMediation.swift",
      "kind": "BooleanLiteral",
      "offset": 3746,
      "length": 5,
      "value": "false"
    },
    {
      "filePath": "\/Users\/masaki.ando\/Documents\/Workspace\/repo\/ADG-iOS-SDK\/iOSSDK\/ADG\/ADGAdapters\/ADGPangle\/ADGPangle\/PangleMediation.swift",
      "kind": "StringLiteral",
      "offset": 4006,
      "length": 25,
      "value": "\"ADGPangle: \""
    },
    {
      "filePath": "\/Users\/masaki.ando\/Documents\/Workspace\/repo\/ADG-iOS-SDK\/iOSSDK\/ADG\/ADGAdapters\/ADGPangle\/ADGPangle\/PangleMediation.swift",
      "kind": "StringLiteral",
      "offset": 4030,
      "length": 2,
      "value": "\"\""
    },
    {
      "filePath": "\/Users\/masaki.ando\/Documents\/Workspace\/repo\/ADG-iOS-SDK\/iOSSDK\/ADG\/ADGAdapters\/ADGPangle\/ADGPangle\/PangleMediation.swift",
      "kind": "IntegerLiteral",
      "offset": 4149,
      "length": 3,
      "value": "249"
    },
    {
      "filePath": "\/Users\/masaki.ando\/Documents\/Workspace\/repo\/ADG-iOS-SDK\/iOSSDK\/ADG\/ADGAdapters\/ADGPangle\/ADGPangle\/PangleMediation.swift",
      "kind": "IntegerLiteral",
      "offset": 4300,
      "length": 3,
      "value": "727"
    },
    {
      "filePath": "\/Users\/masaki.ando\/Documents\/Workspace\/repo\/ADG-iOS-SDK\/iOSSDK\/ADG\/ADGAdapters\/ADGPangle\/ADGPangle\/PangleMediation.swift",
      "kind": "StringLiteral",
      "offset": 4812,
      "length": 25,
      "value": "\"ADGPangle: \""
    },
    {
      "filePath": "\/Users\/masaki.ando\/Documents\/Workspace\/repo\/ADG-iOS-SDK\/iOSSDK\/ADG\/ADGAdapters\/ADGPangle\/ADGPangle\/PangleMediation.swift",
      "kind": "StringLiteral",
      "offset": 4836,
      "length": 2,
      "value": "\"\""
    },
    {
      "filePath": "\/Users\/masaki.ando\/Documents\/Workspace\/repo\/ADG-iOS-SDK\/iOSSDK\/ADG\/ADGAdapters\/ADGPangle\/ADGPangle\/PangleMediation.swift",
      "kind": "BooleanLiteral",
      "offset": 5105,
      "length": 4,
      "value": "true"
    },
    {
      "filePath": "\/Users\/masaki.ando\/Documents\/Workspace\/repo\/ADG-iOS-SDK\/iOSSDK\/ADG\/ADGAdapters\/ADGPangle\/ADGPangle\/PangleMediation.swift",
      "kind": "BooleanLiteral",
      "offset": 5112,
      "length": 5,
      "value": "false"
    },
    {
      "filePath": "\/Users\/masaki.ando\/Documents\/Workspace\/repo\/ADG-iOS-SDK\/iOSSDK\/ADG\/ADGAdapters\/ADGPangle\/ADGPangle\/PangleMediation.swift",
      "kind": "StringLiteral",
      "offset": 6435,
      "length": 25,
      "value": "\"ADGPangle: \""
    },
    {
      "filePath": "\/Users\/masaki.ando\/Documents\/Workspace\/repo\/ADG-iOS-SDK\/iOSSDK\/ADG\/ADGAdapters\/ADGPangle\/ADGPangle\/PangleMediation.swift",
      "kind": "StringLiteral",
      "offset": 6459,
      "length": 2,
      "value": "\"\""
    },
    {
      "filePath": "\/Users\/masaki.ando\/Documents\/Workspace\/repo\/ADG-iOS-SDK\/iOSSDK\/ADG\/ADGAdapters\/ADGPangle\/ADGPangle\/PangleMediation.swift",
      "kind": "StringLiteral",
      "offset": 6642,
      "length": 38,
      "value": "\"ADGPangle: \""
    },
    {
      "filePath": "\/Users\/masaki.ando\/Documents\/Workspace\/repo\/ADG-iOS-SDK\/iOSSDK\/ADG\/ADGAdapters\/ADGPangle\/ADGPangle\/PangleMediation.swift",
      "kind": "StringLiteral",
      "offset": 6666,
      "length": 1,
      "value": "\": self is nil\""
    },
    {
      "filePath": "\/Users\/masaki.ando\/Documents\/Workspace\/repo\/ADG-iOS-SDK\/iOSSDK\/ADG\/ADGAdapters\/ADGPangle\/ADGPangle\/PangleMediation.swift",
      "kind": "StringLiteral",
      "offset": 7105,
      "length": 51,
      "value": "\"ADGPangle: \""
    },
    {
      "filePath": "\/Users\/masaki.ando\/Documents\/Workspace\/repo\/ADG-iOS-SDK\/iOSSDK\/ADG\/ADGAdapters\/ADGPangle\/ADGPangle\/PangleMediation.swift",
      "kind": "StringLiteral",
      "offset": 7129,
      "length": 3,
      "value": "\" SDK init error : \""
    },
    {
      "filePath": "\/Users\/masaki.ando\/Documents\/Workspace\/repo\/ADG-iOS-SDK\/iOSSDK\/ADG\/ADGAdapters\/ADGPangle\/ADGPangle\/PangleMediation.swift",
      "kind": "StringLiteral",
      "offset": 7155,
      "length": 2,
      "value": "\"\""
    },
    {
      "filePath": "\/Users\/masaki.ando\/Documents\/Workspace\/repo\/ADG-iOS-SDK\/iOSSDK\/ADG\/ADGAdapters\/ADGPangle\/ADGPangle\/PangleMediation.swift",
      "kind": "StringLiteral",
      "offset": 7196,
      "length": 85,
      "value": "\"ADGPangle: \""
    },
    {
      "filePath": "\/Users\/masaki.ando\/Documents\/Workspace\/repo\/ADG-iOS-SDK\/iOSSDK\/ADG\/ADGAdapters\/ADGPangle\/ADGPangle\/PangleMediation.swift",
      "kind": "StringLiteral",
      "offset": 7220,
      "length": 7,
      "value": "\" NSError.localizedDescription: \""
    },
    {
      "filePath": "\/Users\/masaki.ando\/Documents\/Workspace\/repo\/ADG-iOS-SDK\/iOSSDK\/ADG\/ADGAdapters\/ADGPangle\/ADGPangle\/PangleMediation.swift",
      "kind": "StringLiteral",
      "offset": 7280,
      "length": 2,
      "value": "\"\""
    },
    {
      "filePath": "\/Users\/masaki.ando\/Documents\/Workspace\/repo\/ADG-iOS-SDK\/iOSSDK\/ADG\/ADGAdapters\/ADGPangle\/ADGPangle\/PangleMediation.swift",
      "kind": "StringLiteral",
      "offset": 7321,
      "length": 77,
      "value": "\"ADGPangle: \""
    },
    {
      "filePath": "\/Users\/masaki.ando\/Documents\/Workspace\/repo\/ADG-iOS-SDK\/iOSSDK\/ADG\/ADGAdapters\/ADGPangle\/ADGPangle\/PangleMediation.swift",
      "kind": "StringLiteral",
      "offset": 7345,
      "length": 7,
      "value": "\" NSError.debugDescription: \""
    },
    {
      "filePath": "\/Users\/masaki.ando\/Documents\/Workspace\/repo\/ADG-iOS-SDK\/iOSSDK\/ADG\/ADGAdapters\/ADGPangle\/ADGPangle\/PangleMediation.swift",
      "kind": "StringLiteral",
      "offset": 7397,
      "length": 2,
      "value": "\"\""
    },
    {
      "filePath": "\/Users\/masaki.ando\/Documents\/Workspace\/repo\/ADG-iOS-SDK\/iOSSDK\/ADG\/ADGAdapters\/ADGPangle\/ADGPangle\/PangleMediation.swift",
      "kind": "StringLiteral",
      "offset": 7696,
      "length": 25,
      "value": "\"ADGPangle: \""
    },
    {
      "filePath": "\/Users\/masaki.ando\/Documents\/Workspace\/repo\/ADG-iOS-SDK\/iOSSDK\/ADG\/ADGAdapters\/ADGPangle\/ADGPangle\/PangleMediation.swift",
      "kind": "StringLiteral",
      "offset": 7720,
      "length": 2,
      "value": "\"\""
    },
    {
      "filePath": "\/Users\/masaki.ando\/Documents\/Workspace\/repo\/ADG-iOS-SDK\/iOSSDK\/ADG\/ADGAdapters\/ADGPangle\/ADGPangle\/PangleMediation.swift",
      "kind": "StringLiteral",
      "offset": 8173,
      "length": 85,
      "value": "\"ADGPangle: \""
    },
    {
      "filePath": "\/Users\/masaki.ando\/Documents\/Workspace\/repo\/ADG-iOS-SDK\/iOSSDK\/ADG\/ADGAdapters\/ADGPangle\/ADGPangle\/PangleMediation.swift",
      "kind": "StringLiteral",
      "offset": 8197,
      "length": 7,
      "value": "\" NSError.localizedDescription: \""
    },
    {
      "filePath": "\/Users\/masaki.ando\/Documents\/Workspace\/repo\/ADG-iOS-SDK\/iOSSDK\/ADG\/ADGAdapters\/ADGPangle\/ADGPangle\/PangleMediation.swift",
      "kind": "StringLiteral",
      "offset": 8257,
      "length": 2,
      "value": "\"\""
    },
    {
      "filePath": "\/Users\/masaki.ando\/Documents\/Workspace\/repo\/ADG-iOS-SDK\/iOSSDK\/ADG\/ADGAdapters\/ADGPangle\/ADGPangle\/PangleMediation.swift",
      "kind": "StringLiteral",
      "offset": 8298,
      "length": 77,
      "value": "\"ADGPangle: \""
    },
    {
      "filePath": "\/Users\/masaki.ando\/Documents\/Workspace\/repo\/ADG-iOS-SDK\/iOSSDK\/ADG\/ADGAdapters\/ADGPangle\/ADGPangle\/PangleMediation.swift",
      "kind": "StringLiteral",
      "offset": 8322,
      "length": 7,
      "value": "\" NSError.debugDescription: \""
    },
    {
      "filePath": "\/Users\/masaki.ando\/Documents\/Workspace\/repo\/ADG-iOS-SDK\/iOSSDK\/ADG\/ADGAdapters\/ADGPangle\/ADGPangle\/PangleMediation.swift",
      "kind": "StringLiteral",
      "offset": 8374,
      "length": 2,
      "value": "\"\""
    },
    {
      "filePath": "\/Users\/masaki.ando\/Documents\/Workspace\/repo\/ADG-iOS-SDK\/iOSSDK\/ADG\/ADGAdapters\/ADGPangle\/ADGPangle\/PangleMediation.swift",
      "kind": "StringLiteral",
      "offset": 8591,
      "length": 45,
      "value": "\"ADGPangle: \""
    },
    {
      "filePath": "\/Users\/masaki.ando\/Documents\/Workspace\/repo\/ADG-iOS-SDK\/iOSSDK\/ADG\/ADGAdapters\/ADGPangle\/ADGPangle\/PangleMediation.swift",
      "kind": "StringLiteral",
      "offset": 8615,
      "length": 1,
      "value": "\": PAGBannerAd is nil\""
    },
    {
      "filePath": "\/Users\/masaki.ando\/Documents\/Workspace\/repo\/ADG-iOS-SDK\/iOSSDK\/ADG\/ADGAdapters\/ADGPangle\/ADGPangle\/PangleMediation.swift",
      "kind": "IntegerLiteral",
      "offset": 8873,
      "length": 1,
      "value": "0"
    },
    {
      "filePath": "\/Users\/masaki.ando\/Documents\/Workspace\/repo\/ADG-iOS-SDK\/iOSSDK\/ADG\/ADGAdapters\/ADGPangle\/ADGPangle\/PangleMediation.swift",
      "kind": "IntegerLiteral",
      "offset": 8879,
      "length": 1,
      "value": "0"
    },
    {
      "filePath": "\/Users\/masaki.ando\/Documents\/Workspace\/repo\/ADG-iOS-SDK\/iOSSDK\/ADG\/ADGAdapters\/ADGPangle\/ADGPangle\/PangleMediation.swift",
      "kind": "IntegerLiteral",
      "offset": 8914,
      "length": 1,
      "value": "0"
    },
    {
      "filePath": "\/Users\/masaki.ando\/Documents\/Workspace\/repo\/ADG-iOS-SDK\/iOSSDK\/ADG\/ADGAdapters\/ADGPangle\/ADGPangle\/PangleMediation.swift",
      "kind": "IntegerLiteral",
      "offset": 8950,
      "length": 1,
      "value": "0"
    },
    {
      "filePath": "\/Users\/masaki.ando\/Documents\/Workspace\/repo\/ADG-iOS-SDK\/iOSSDK\/ADG\/ADGAdapters\/ADGPangle\/ADGPangle\/PangleMediation.swift",
      "kind": "StringLiteral",
      "offset": 9357,
      "length": 25,
      "value": "\"ADGPangle: \""
    },
    {
      "filePath": "\/Users\/masaki.ando\/Documents\/Workspace\/repo\/ADG-iOS-SDK\/iOSSDK\/ADG\/ADGAdapters\/ADGPangle\/ADGPangle\/PangleMediation.swift",
      "kind": "StringLiteral",
      "offset": 9381,
      "length": 2,
      "value": "\"\""
    },
    {
      "filePath": "\/Users\/masaki.ando\/Documents\/Workspace\/repo\/ADG-iOS-SDK\/iOSSDK\/ADG\/ADGAdapters\/ADGPangle\/ADGPangle\/PangleMediation.swift",
      "kind": "StringLiteral",
      "offset": 9702,
      "length": 46,
      "value": "\"ADGPangle: PAGBannerAdDelegate: \""
    },
    {
      "filePath": "\/Users\/masaki.ando\/Documents\/Workspace\/repo\/ADG-iOS-SDK\/iOSSDK\/ADG\/ADGAdapters\/ADGPangle\/ADGPangle\/PangleMediation.swift",
      "kind": "StringLiteral",
      "offset": 9747,
      "length": 2,
      "value": "\"\""
    },
    {
      "filePath": "\/Users\/masaki.ando\/Documents\/Workspace\/repo\/ADG-iOS-SDK\/iOSSDK\/ADG\/ADGAdapters\/ADGPangle\/ADGPangle\/PangleMediation.swift",
      "kind": "StringLiteral",
      "offset": 9862,
      "length": 46,
      "value": "\"ADGPangle: PAGBannerAdDelegate: \""
    },
    {
      "filePath": "\/Users\/masaki.ando\/Documents\/Workspace\/repo\/ADG-iOS-SDK\/iOSSDK\/ADG\/ADGAdapters\/ADGPangle\/ADGPangle\/PangleMediation.swift",
      "kind": "StringLiteral",
      "offset": 9907,
      "length": 2,
      "value": "\"\""
    },
    {
      "filePath": "\/Users\/masaki.ando\/Documents\/Workspace\/repo\/ADG-iOS-SDK\/iOSSDK\/ADG\/ADGAdapters\/ADGPangle\/ADGPangle\/PangleMediation.swift",
      "kind": "StringLiteral",
      "offset": 10015,
      "length": 46,
      "value": "\"ADGPangle: PAGBannerAdDelegate: \""
    },
    {
      "filePath": "\/Users\/masaki.ando\/Documents\/Workspace\/repo\/ADG-iOS-SDK\/iOSSDK\/ADG\/ADGAdapters\/ADGPangle\/ADGPangle\/PangleMediation.swift",
      "kind": "StringLiteral",
      "offset": 10060,
      "length": 2,
      "value": "\"\""
    }
  ]
}