{
  "ABIRoot": {
    "kind": "Root",
    "name": "TopLevel",
    "printedName": "TopLevel",
    "children": [
      {
        "kind": "Import",
        "name": "ADG",
        "printedName": "ADG",
        "declKind": "Import",
        "moduleName": "ADGUnityAds",
        "declAttributes": [
          "RawDocComment"
        ]
      },
      {
        "kind": "Import",
        "name": "UnityAds",
        "printedName": "UnityAds",
        "declKind": "Import",
        "moduleName": "ADGUnityAds"
      }
    ],
    "json_format_version": 8
  },
  "ConstValues": [
    {
      "filePath": "\/Users\/keisuke.kakinuma\/Documents\/ADG-iOS-SDK\/iOSSDK\/ADG\/ADGAdapters\/ADGUnityAds\/ADGUnityAds\/Sources\/UnityAdsInterstitialMediation.swift",
      "kind": "BooleanLiteral",
      "offset": 667,
      "length": 5,
      "value": "false"
    },
    {
      "filePath": "\/Users\/keisuke.kakinuma\/Documents\/ADG-iOS-SDK\/iOSSDK\/ADG\/ADGAdapters\/ADGUnityAds\/ADGUnityAds\/Sources\/UnityAdsInterstitialMediation.swift",
      "kind": "BooleanLiteral",
      "offset": 746,
      "length": 5,
      "value": "false"
    },
    {
      "filePath": "\/Users\/keisuke.kakinuma\/Documents\/ADG-iOS-SDK\/iOSSDK\/ADG\/ADGAdapters\/ADGUnityAds\/ADGUnityAds\/Sources\/UnityAdsInterstitialMediation.swift",
      "kind": "StringLiteral",
      "offset": 826,
      "length": 2,
      "value": "\"\""
    },
    {
      "filePath": "\/Users\/keisuke.kakinuma\/Documents\/ADG-iOS-SDK\/iOSSDK\/ADG\/ADGAdapters\/ADGUnityAds\/ADGUnityAds\/Sources\/UnityAdsInterstitialMediation.swift",
      "kind": "StringLiteral",
      "offset": 1256,
      "length": 9,
      "value": "\"Loading\""
    },
    {
      "filePath": "\/Users\/keisuke.kakinuma\/Documents\/ADG-iOS-SDK\/iOSSDK\/ADG\/ADGAdapters\/ADGUnityAds\/ADGUnityAds\/Sources\/UnityAdsInterstitialMediation.swift",
      "kind": "BooleanLiteral",
      "offset": 1338,
      "length": 4,
      "value": "true"
    },
    {
      "filePath": "\/Users\/keisuke.kakinuma\/Documents\/ADG-iOS-SDK\/iOSSDK\/ADG\/ADGAdapters\/ADGUnityAds\/ADGUnityAds\/Sources\/UnityAdsInterstitialMediation.swift",
      "kind": "BooleanLiteral",
      "offset": 1369,
      "length": 5,
      "value": "false"
    },
    {
      "filePath": "\/Users\/keisuke.kakinuma\/Documents\/ADG-iOS-SDK\/iOSSDK\/ADG\/ADGAdapters\/ADGUnityAds\/ADGUnityAds\/Sources\/UnityAdsInterstitialMediation.swift",
      "kind": "BooleanLiteral",
      "offset": 1404,
      "length": 5,
      "value": "false"
    },
    {
      "filePath": "\/Users\/keisuke.kakinuma\/Documents\/ADG-iOS-SDK\/iOSSDK\/ADG\/ADGAdapters\/ADGUnityAds\/ADGUnityAds\/Sources\/UnityAdsInterstitialMediation.swift",
      "kind": "StringLiteral",
      "offset": 1557,
      "length": 19,
      "value": "\"SDK Key is empty.\""
    },
    {
      "filePath": "\/Users\/keisuke.kakinuma\/Documents\/ADG-iOS-SDK\/iOSSDK\/ADG\/ADGAdapters\/ADGUnityAds\/ADGUnityAds\/Sources\/UnityAdsInterstitialMediation.swift",
      "kind": "BooleanLiteral",
      "offset": 1597,
      "length": 5,
      "value": "false"
    },
    {
      "filePath": "\/Users\/keisuke.kakinuma\/Documents\/ADG-iOS-SDK\/iOSSDK\/ADG\/ADGAdapters\/ADGUnityAds\/ADGUnityAds\/Sources\/UnityAdsInterstitialMediation.swift",
      "kind": "StringLiteral",
      "offset": 1764,
      "length": 33,
      "value": "\"rootViewController is required.\""
    },
    {
      "filePath": "\/Users\/keisuke.kakinuma\/Documents\/ADG-iOS-SDK\/iOSSDK\/ADG\/ADGAdapters\/ADGUnityAds\/ADGUnityAds\/Sources\/UnityAdsInterstitialMediation.swift",
      "kind": "BooleanLiteral",
      "offset": 1818,
      "length": 5,
      "value": "false"
    },
    {
      "filePath": "\/Users\/keisuke.kakinuma\/Documents\/ADG-iOS-SDK\/iOSSDK\/ADG\/ADGAdapters\/ADGUnityAds\/ADGUnityAds\/Sources\/UnityAdsInterstitialMediation.swift",
      "kind": "StringLiteral",
      "offset": 2013,
      "length": 14,
      "value": "\"param is nil\""
    },
    {
      "filePath": "\/Users\/keisuke.kakinuma\/Documents\/ADG-iOS-SDK\/iOSSDK\/ADG\/ADGAdapters\/ADGUnityAds\/ADGUnityAds\/Sources\/UnityAdsInterstitialMediation.swift",
      "kind": "BooleanLiteral",
      "offset": 2048,
      "length": 5,
      "value": "false"
    },
    {
      "filePath": "\/Users\/keisuke.kakinuma\/Documents\/ADG-iOS-SDK\/iOSSDK\/ADG\/ADGAdapters\/ADGUnityAds\/ADGUnityAds\/Sources\/UnityAdsInterstitialMediation.swift",
      "kind": "StringLiteral",
      "offset": 2097,
      "length": 6,
      "value": "\"zone\""
    },
    {
      "filePath": "\/Users\/keisuke.kakinuma\/Documents\/ADG-iOS-SDK\/iOSSDK\/ADG\/ADGAdapters\/ADGUnityAds\/ADGUnityAds\/Sources\/UnityAdsInterstitialMediation.swift",
      "kind": "StringLiteral",
      "offset": 2157,
      "length": 18,
      "value": "\"no zone in param\""
    },
    {
      "filePath": "\/Users\/keisuke.kakinuma\/Documents\/ADG-iOS-SDK\/iOSSDK\/ADG\/ADGAdapters\/ADGUnityAds\/ADGUnityAds\/Sources\/UnityAdsInterstitialMediation.swift",
      "kind": "BooleanLiteral",
      "offset": 2196,
      "length": 5,
      "value": "false"
    },
    {
      "filePath": "\/Users\/keisuke.kakinuma\/Documents\/ADG-iOS-SDK\/iOSSDK\/ADG\/ADGAdapters\/ADGUnityAds\/ADGUnityAds\/Sources\/UnityAdsInterstitialMediation.swift",
      "kind": "StringLiteral",
      "offset": 2310,
      "length": 18,
      "value": "\"ZoneID is empty.\""
    },
    {
      "filePath": "\/Users\/keisuke.kakinuma\/Documents\/ADG-iOS-SDK\/iOSSDK\/ADG\/ADGAdapters\/ADGUnityAds\/ADGUnityAds\/Sources\/UnityAdsInterstitialMediation.swift",
      "kind": "BooleanLiteral",
      "offset": 2349,
      "length": 5,
      "value": "false"
    },
    {
      "filePath": "\/Users\/keisuke.kakinuma\/Documents\/ADG-iOS-SDK\/iOSSDK\/ADG\/ADGAdapters\/ADGUnityAds\/ADGUnityAds\/Sources\/UnityAdsInterstitialMediation.swift",
      "kind": "BooleanLiteral",
      "offset": 2512,
      "length": 4,
      "value": "true"
    },
    {
      "filePath": "\/Users\/keisuke.kakinuma\/Documents\/ADG-iOS-SDK\/iOSSDK\/ADG\/ADGAdapters\/ADGUnityAds\/ADGUnityAds\/Sources\/UnityAdsInterstitialMediation.swift",
      "kind": "BooleanLiteral",
      "offset": 2833,
      "length": 4,
      "value": "true"
    },
    {
      "filePath": "\/Users\/keisuke.kakinuma\/Documents\/ADG-iOS-SDK\/iOSSDK\/ADG\/ADGAdapters\/ADGUnityAds\/ADGUnityAds\/Sources\/UnityAdsInterstitialMediation.swift",
      "kind": "StringLiteral",
      "offset": 3038,
      "length": 9,
      "value": "\"Loading\""
    },
    {
      "filePath": "\/Users\/keisuke.kakinuma\/Documents\/ADG-iOS-SDK\/iOSSDK\/ADG\/ADGAdapters\/ADGUnityAds\/ADGUnityAds\/Sources\/UnityAdsInterstitialMediation.swift",
      "kind": "BooleanLiteral",
      "offset": 3160,
      "length": 4,
      "value": "true"
    },
    {
      "filePath": "\/Users\/keisuke.kakinuma\/Documents\/ADG-iOS-SDK\/iOSSDK\/ADG\/ADGAdapters\/ADGUnityAds\/ADGUnityAds\/Sources\/UnityAdsInterstitialMediation.swift",
      "kind": "StringLiteral",
      "offset": 3817,
      "length": 11,
      "value": "\"Destroyed\""
    },
    {
      "filePath": "\/Users\/keisuke.kakinuma\/Documents\/ADG-iOS-SDK\/iOSSDK\/ADG\/ADGAdapters\/ADGUnityAds\/ADGUnityAds\/Sources\/UnityAdsInterstitialMediation.swift",
      "kind": "StringLiteral",
      "offset": 4232,
      "length": 33,
      "value": "\"UnityAds initializationComplete\""
    },
    {
      "filePath": "\/Users\/keisuke.kakinuma\/Documents\/ADG-iOS-SDK\/iOSSDK\/ADG\/ADGAdapters\/ADGUnityAds\/ADGUnityAds\/Sources\/UnityAdsInterstitialMediation.swift",
      "kind": "StringLiteral",
      "offset": 4548,
      "length": 36,
      "value": "\"UnityAds initializationFailed : %@\""
    },
    {
      "filePath": "\/Users\/keisuke.kakinuma\/Documents\/ADG-iOS-SDK\/iOSSDK\/ADG\/ADGAdapters\/ADGUnityAds\/ADGUnityAds\/Sources\/UnityAdsInterstitialMediation.swift",
      "kind": "StringLiteral",
      "offset": 4872,
      "length": 17,
      "value": "\"UnityAds Loaded\""
    },
    {
      "filePath": "\/Users\/keisuke.kakinuma\/Documents\/ADG-iOS-SDK\/iOSSDK\/ADG\/ADGAdapters\/ADGUnityAds\/ADGUnityAds\/Sources\/UnityAdsInterstitialMediation.swift",
      "kind": "BooleanLiteral",
      "offset": 5023,
      "length": 4,
      "value": "true"
    },
    {
      "filePath": "\/Users\/keisuke.kakinuma\/Documents\/ADG-iOS-SDK\/iOSSDK\/ADG\/ADGAdapters\/ADGUnityAds\/ADGUnityAds\/Sources\/UnityAdsInterstitialMediation.swift",
      "kind": "StringLiteral",
      "offset": 5508,
      "length": 38,
      "value": "\"UnityAds unityAdsAdFailedToLoad : %@\""
    },
    {
      "filePath": "\/Users\/keisuke.kakinuma\/Documents\/ADG-iOS-SDK\/iOSSDK\/ADG\/ADGAdapters\/ADGUnityAds\/ADGUnityAds\/Sources\/UnityAdsInterstitialMediation.swift",
      "kind": "StringLiteral",
      "offset": 5885,
      "length": 8,
      "value": "\"Showed\""
    },
    {
      "filePath": "\/Users\/keisuke.kakinuma\/Documents\/ADG-iOS-SDK\/iOSSDK\/ADG\/ADGAdapters\/ADGUnityAds\/ADGUnityAds\/Sources\/UnityAdsInterstitialMediation.swift",
      "kind": "StringLiteral",
      "offset": 6141,
      "length": 34,
      "value": "\"UnityAds unityAdsShowFailed : %@\""
    },
    {
      "filePath": "\/Users\/keisuke.kakinuma\/Documents\/ADG-iOS-SDK\/iOSSDK\/ADG\/ADGAdapters\/ADGUnityAds\/ADGUnityAds\/Sources\/UnityAdsInterstitialMediation.swift",
      "kind": "StringLiteral",
      "offset": 6352,
      "length": 23,
      "value": "\"UnityAds Show Started\""
    }
  ]
}