{
  "ABIRoot": {
    "kind": "Root",
    "name": "TopLevel",
    "printedName": "TopLevel",
    "children": [
      {
        "kind": "Import",
        "name": "ADG",
        "printedName": "ADG",
        "declKind": "Import",
        "moduleName": "ADGUnityAds",
        "declAttributes": [
          "RawDocComment"
        ]
      },
      {
        "kind": "Import",
        "name": "UnityAds",
        "printedName": "UnityAds",
        "declKind": "Import",
        "moduleName": "ADGUnityAds"
      }
    ],
    "json_format_version": 8
  },
  "ConstValues": [
    {
      "filePath": "\/Users\/keisuke.kakinuma\/Documents\/ADG-iOS-SDK\/iOSSDK\/ADG\/ADGAdapters\/ADGUnityAds\/ADGUnityAds\/Sources\/UnityAdsInterstitialMediation.swift",
      "kind": "BooleanLiteral",
      "offset": 384,
      "length": 5,
      "value": "false"
    },
    {
      "filePath": "\/Users\/keisuke.kakinuma\/Documents\/ADG-iOS-SDK\/iOSSDK\/ADG\/ADGAdapters\/ADGUnityAds\/ADGUnityAds\/Sources\/UnityAdsInterstitialMediation.swift",
      "kind": "BooleanLiteral",
      "offset": 463,
      "length": 5,
      "value": "false"
    },
    {
      "filePath": "\/Users\/keisuke.kakinuma\/Documents\/ADG-iOS-SDK\/iOSSDK\/ADG\/ADGAdapters\/ADGUnityAds\/ADGUnityAds\/Sources\/UnityAdsInterstitialMediation.swift",
      "kind": "StringLiteral",
      "offset": 543,
      "length": 2,
      "value": "\"\""
    }
  ]
}