{
  "ABIRoot": {
    "kind": "Root",
    "name": "TopLevel",
    "printedName": "TopLevel",
    "children": [
      {
        "kind": "Import",
        "name": "Foundation",
        "printedName": "Foundation",
        "declKind": "Import",
        "moduleName": "ADGFIVE",
        "declAttributes": [
          "RawDocComment"
        ]
      },
      {
        "kind": "Import",
        "name": "ADG",
        "printedName": "ADG",
        "declKind": "Import",
        "moduleName": "ADGFIVE"
      },
      {
        "kind": "Import",
        "name": "FiveAd",
        "printedName": "FiveAd",
        "declKind": "Import",
        "moduleName": "ADGFIVE"
      },
      {
        "kind": "Import",
        "name": "Foundation",
        "printedName": "Foundation",
        "declKind": "Import",
        "moduleName": "ADGFIVE",
        "declAttributes": [
          "RawDocComment"
        ]
      },
      {
        "kind": "Import",
        "name": "ADG",
        "printedName": "ADG",
        "declKind": "Import",
        "moduleName": "ADGFIVE"
      },
      {
        "kind": "Import",
        "name": "FiveAd",
        "printedName": "FiveAd",
        "declKind": "Import",
        "moduleName": "ADGFIVE"
      }
    ],
    "json_format_version": 8
  },
  "ConstValues": [
    {
      "filePath": "\/Users\/qa-team\/ADG-iOS-SDK\/iOSSDK\/ADG\/ADGAdapters\/ADGFIVE\/ADGFIVE\/Sources\/FiveCustomLayoutMediation.swift",
      "kind": "StringLiteral",
      "offset": 695,
      "length": 7,
      "value": "\"appid\""
    },
    {
      "filePath": "\/Users\/qa-team\/ADG-iOS-SDK\/iOSSDK\/ADG\/ADGAdapters\/ADGFIVE\/ADGFIVE\/Sources\/FiveCustomLayoutMediation.swift",
      "kind": "StringLiteral",
      "offset": 778,
      "length": 20,
      "value": "\"failed loadProcess\""
    },
    {
      "filePath": "\/Users\/qa-team\/ADG-iOS-SDK\/iOSSDK\/ADG\/ADGAdapters\/ADGFIVE\/ADGFIVE\/Sources\/FiveCustomLayoutMediation.swift",
      "kind": "BooleanLiteral",
      "offset": 886,
      "length": 5,
      "value": "false"
    },
    {
      "filePath": "\/Users\/qa-team\/ADG-iOS-SDK\/iOSSDK\/ADG\/ADGAdapters\/ADGFIVE\/ADGFIVE\/Sources\/FiveCustomLayoutMediation.swift",
      "kind": "StringLiteral",
      "offset": 1266,
      "length": 25,
      "value": "\"isConfigRegistered = %@\""
    },
    {
      "filePath": "\/Users\/qa-team\/ADG-iOS-SDK\/iOSSDK\/ADG\/ADGAdapters\/ADGFIVE\/ADGFIVE\/Sources\/FiveCustomLayoutMediation.swift",
      "kind": "StringLiteral",
      "offset": 1314,
      "length": 5,
      "value": "\"YES\""
    },
    {
      "filePath": "\/Users\/qa-team\/ADG-iOS-SDK\/iOSSDK\/ADG\/ADGAdapters\/ADGFIVE\/ADGFIVE\/Sources\/FiveCustomLayoutMediation.swift",
      "kind": "StringLiteral",
      "offset": 1322,
      "length": 4,
      "value": "\"NO\""
    },
    {
      "filePath": "\/Users\/qa-team\/ADG-iOS-SDK\/iOSSDK\/ADG\/ADGAdapters\/ADGFIVE\/ADGFIVE\/Sources\/FiveCustomLayoutMediation.swift",
      "kind": "StringLiteral",
      "offset": 1534,
      "length": 35,
      "value": "\"FADSettings Config is registered.\""
    },
    {
      "filePath": "\/Users\/qa-team\/ADG-iOS-SDK\/iOSSDK\/ADG\/ADGAdapters\/ADGFIVE\/ADGFIVE\/Sources\/FiveCustomLayoutMediation.swift",
      "kind": "BooleanLiteral",
      "offset": 2389,
      "length": 4,
      "value": "true"
    },
    {
      "filePath": "\/Users\/qa-team\/ADG-iOS-SDK\/iOSSDK\/ADG\/ADGAdapters\/ADGFIVE\/ADGFIVE\/Sources\/FiveCustomLayoutMediation.swift",
      "kind": "StringLiteral",
      "offset": 2623,
      "length": 23,
      "value": "\"ADGFIVE: \""
    },
    {
      "filePath": "\/Users\/qa-team\/ADG-iOS-SDK\/iOSSDK\/ADG\/ADGAdapters\/ADGFIVE\/ADGFIVE\/Sources\/FiveCustomLayoutMediation.swift",
      "kind": "StringLiteral",
      "offset": 2645,
      "length": 2,
      "value": "\"\""
    },
    {
      "filePath": "\/Users\/qa-team\/ADG-iOS-SDK\/iOSSDK\/ADG\/ADGAdapters\/ADGFIVE\/ADGFIVE\/Sources\/FiveCustomLayoutMediation.swift",
      "kind": "BooleanLiteral",
      "offset": 2704,
      "length": 4,
      "value": "true"
    },
    {
      "filePath": "\/Users\/qa-team\/ADG-iOS-SDK\/iOSSDK\/ADG\/ADGAdapters\/ADGFIVE\/ADGFIVE\/Sources\/FiveCustomLayoutMediation.swift",
      "kind": "BooleanLiteral",
      "offset": 2745,
      "length": 5,
      "value": "false"
    },
    {
      "filePath": "\/Users\/qa-team\/ADG-iOS-SDK\/iOSSDK\/ADG\/ADGAdapters\/ADGFIVE\/ADGFIVE\/Sources\/FiveCustomLayoutMediation.swift",
      "kind": "IntegerLiteral",
      "offset": 3505,
      "length": 1,
      "value": "3"
    },
    {
      "filePath": "\/Users\/qa-team\/ADG-iOS-SDK\/iOSSDK\/ADG\/ADGAdapters\/ADGFIVE\/ADGFIVE\/Sources\/FiveCustomLayoutMediation.swift",
      "kind": "StringLiteral",
      "offset": 3543,
      "length": 25,
      "value": "\"succeeded to receive Ad\""
    },
    {
      "filePath": "\/Users\/qa-team\/ADG-iOS-SDK\/iOSSDK\/ADG\/ADGAdapters\/ADGFIVE\/ADGFIVE\/Sources\/FiveCustomLayoutMediation.swift",
      "kind": "StringLiteral",
      "offset": 3953,
      "length": 28,
      "value": "\"failed to receive Ad (%ld)\""
    },
    {
      "filePath": "\/Users\/qa-team\/ADG-iOS-SDK\/iOSSDK\/ADG\/ADGAdapters\/ADGFIVE\/ADGFIVE\/Sources\/FiveCustomLayoutMediation.swift",
      "kind": "StringLiteral",
      "offset": 4361,
      "length": 9,
      "value": "\"clicked\""
    },
    {
      "filePath": "\/Users\/qa-team\/ADG-iOS-SDK\/iOSSDK\/ADG\/ADGAdapters\/ADGFIVE\/ADGFIVE\/Sources\/FiveCustomLayoutMediation.swift",
      "kind": "StringLiteral",
      "offset": 4613,
      "length": 9,
      "value": "\"removed\""
    },
    {
      "filePath": "\/Users\/qa-team\/ADG-iOS-SDK\/iOSSDK\/ADG\/ADGAdapters\/ADGFIVE\/ADGFIVE\/Sources\/FiveCustomLayoutMediation.swift",
      "kind": "StringLiteral",
      "offset": 4846,
      "length": 8,
      "value": "\"played\""
    },
    {
      "filePath": "\/Users\/qa-team\/ADG-iOS-SDK\/iOSSDK\/ADG\/ADGAdapters\/ADGFIVE\/ADGFIVE\/Sources\/FiveCustomLayoutMediation.swift",
      "kind": "StringLiteral",
      "offset": 5067,
      "length": 8,
      "value": "\"paused\""
    },
    {
      "filePath": "\/Users\/qa-team\/ADG-iOS-SDK\/iOSSDK\/ADG\/ADGAdapters\/ADGFIVE\/ADGFIVE\/Sources\/FiveCustomLayoutMediation.swift",
      "kind": "StringLiteral",
      "offset": 5297,
      "length": 11,
      "value": "\"completed\""
    },
    {
      "filePath": "\/Users\/qa-team\/ADG-iOS-SDK\/iOSSDK\/ADG\/ADGAdapters\/ADGFIVE\/ADGFIVE\/Sources\/FiveCustomLayoutMediation.swift",
      "kind": "StringLiteral",
      "offset": 5591,
      "length": 12,
      "value": "\"impression\""
    },
    {
      "filePath": "\/Users\/qa-team\/ADG-iOS-SDK\/iOSSDK\/ADG\/ADGAdapters\/ADGFIVE\/ADGFIVE\/Sources\/FiveCustomLayoutMediation.swift",
      "kind": "StringLiteral",
      "offset": 5878,
      "length": 25,
      "value": "\"failed to show Ad (%ld)\""
    },
    {
      "filePath": "\/Users\/qa-team\/ADG-iOS-SDK\/iOSSDK\/ADG\/ADGAdapters\/ADGFIVE\/ADGFIVE\/Sources\/FiveVideoRewardMediation.swift",
      "kind": "BooleanLiteral",
      "offset": 616,
      "length": 5,
      "value": "false"
    },
    {
      "filePath": "\/Users\/qa-team\/ADG-iOS-SDK\/iOSSDK\/ADG\/ADGAdapters\/ADGFIVE\/ADGFIVE\/Sources\/FiveVideoRewardMediation.swift",
      "kind": "BooleanLiteral",
      "offset": 705,
      "length": 4,
      "value": "true"
    },
    {
      "filePath": "\/Users\/qa-team\/ADG-iOS-SDK\/iOSSDK\/ADG\/ADGAdapters\/ADGFIVE\/ADGFIVE\/Sources\/FiveVideoRewardMediation.swift",
      "kind": "StringLiteral",
      "offset": 775,
      "length": 7,
      "value": "\"appid\""
    },
    {
      "filePath": "\/Users\/qa-team\/ADG-iOS-SDK\/iOSSDK\/ADG\/ADGAdapters\/ADGFIVE\/ADGFIVE\/Sources\/FiveVideoRewardMediation.swift",
      "kind": "StringLiteral",
      "offset": 858,
      "length": 20,
      "value": "\"failed loadProcess\""
    },
    {
      "filePath": "\/Users\/qa-team\/ADG-iOS-SDK\/iOSSDK\/ADG\/ADGAdapters\/ADGFIVE\/ADGFIVE\/Sources\/FiveVideoRewardMediation.swift",
      "kind": "BooleanLiteral",
      "offset": 966,
      "length": 5,
      "value": "false"
    },
    {
      "filePath": "\/Users\/qa-team\/ADG-iOS-SDK\/iOSSDK\/ADG\/ADGAdapters\/ADGFIVE\/ADGFIVE\/Sources\/FiveVideoRewardMediation.swift",
      "kind": "StringLiteral",
      "offset": 1346,
      "length": 25,
      "value": "\"isConfigRegistered = %@\""
    },
    {
      "filePath": "\/Users\/qa-team\/ADG-iOS-SDK\/iOSSDK\/ADG\/ADGAdapters\/ADGFIVE\/ADGFIVE\/Sources\/FiveVideoRewardMediation.swift",
      "kind": "StringLiteral",
      "offset": 1394,
      "length": 5,
      "value": "\"YES\""
    },
    {
      "filePath": "\/Users\/qa-team\/ADG-iOS-SDK\/iOSSDK\/ADG\/ADGAdapters\/ADGFIVE\/ADGFIVE\/Sources\/FiveVideoRewardMediation.swift",
      "kind": "StringLiteral",
      "offset": 1402,
      "length": 4,
      "value": "\"NO\""
    },
    {
      "filePath": "\/Users\/qa-team\/ADG-iOS-SDK\/iOSSDK\/ADG\/ADGAdapters\/ADGFIVE\/ADGFIVE\/Sources\/FiveVideoRewardMediation.swift",
      "kind": "StringLiteral",
      "offset": 1614,
      "length": 35,
      "value": "\"FADSettings Config is registered.\""
    },
    {
      "filePath": "\/Users\/qa-team\/ADG-iOS-SDK\/iOSSDK\/ADG\/ADGAdapters\/ADGFIVE\/ADGFIVE\/Sources\/FiveVideoRewardMediation.swift",
      "kind": "BooleanLiteral",
      "offset": 2429,
      "length": 4,
      "value": "true"
    },
    {
      "filePath": "\/Users\/qa-team\/ADG-iOS-SDK\/iOSSDK\/ADG\/ADGAdapters\/ADGFIVE\/ADGFIVE\/Sources\/FiveVideoRewardMediation.swift",
      "kind": "IntegerLiteral",
      "offset": 2784,
      "length": 1,
      "value": "3"
    },
    {
      "filePath": "\/Users\/qa-team\/ADG-iOS-SDK\/iOSSDK\/ADG\/ADGAdapters\/ADGFIVE\/ADGFIVE\/Sources\/FiveVideoRewardMediation.swift",
      "kind": "BooleanLiteral",
      "offset": 2905,
      "length": 4,
      "value": "true"
    },
    {
      "filePath": "\/Users\/qa-team\/ADG-iOS-SDK\/iOSSDK\/ADG\/ADGAdapters\/ADGFIVE\/ADGFIVE\/Sources\/FiveVideoRewardMediation.swift",
      "kind": "StringLiteral",
      "offset": 3149,
      "length": 23,
      "value": "\"ADGFIVE: \""
    },
    {
      "filePath": "\/Users\/qa-team\/ADG-iOS-SDK\/iOSSDK\/ADG\/ADGAdapters\/ADGFIVE\/ADGFIVE\/Sources\/FiveVideoRewardMediation.swift",
      "kind": "StringLiteral",
      "offset": 3171,
      "length": 2,
      "value": "\"\""
    },
    {
      "filePath": "\/Users\/qa-team\/ADG-iOS-SDK\/iOSSDK\/ADG\/ADGAdapters\/ADGFIVE\/ADGFIVE\/Sources\/FiveVideoRewardMediation.swift",
      "kind": "BooleanLiteral",
      "offset": 3230,
      "length": 4,
      "value": "true"
    },
    {
      "filePath": "\/Users\/qa-team\/ADG-iOS-SDK\/iOSSDK\/ADG\/ADGAdapters\/ADGFIVE\/ADGFIVE\/Sources\/FiveVideoRewardMediation.swift",
      "kind": "BooleanLiteral",
      "offset": 3271,
      "length": 5,
      "value": "false"
    },
    {
      "filePath": "\/Users\/qa-team\/ADG-iOS-SDK\/iOSSDK\/ADG\/ADGAdapters\/ADGFIVE\/ADGFIVE\/Sources\/FiveVideoRewardMediation.swift",
      "kind": "BooleanLiteral",
      "offset": 3546,
      "length": 5,
      "value": "false"
    },
    {
      "filePath": "\/Users\/qa-team\/ADG-iOS-SDK\/iOSSDK\/ADG\/ADGAdapters\/ADGFIVE\/ADGFIVE\/Sources\/FiveVideoRewardMediation.swift",
      "kind": "IntegerLiteral",
      "offset": 3827,
      "length": 1,
      "value": "3"
    },
    {
      "filePath": "\/Users\/qa-team\/ADG-iOS-SDK\/iOSSDK\/ADG\/ADGAdapters\/ADGFIVE\/ADGFIVE\/Sources\/FiveVideoRewardMediation.swift",
      "kind": "StringLiteral",
      "offset": 3865,
      "length": 25,
      "value": "\"succeeded to receive Ad\""
    },
    {
      "filePath": "\/Users\/qa-team\/ADG-iOS-SDK\/iOSSDK\/ADG\/ADGAdapters\/ADGFIVE\/ADGFIVE\/Sources\/FiveVideoRewardMediation.swift",
      "kind": "StringLiteral",
      "offset": 4278,
      "length": 28,
      "value": "\"failed to receive Ad (%ld)\""
    },
    {
      "filePath": "\/Users\/qa-team\/ADG-iOS-SDK\/iOSSDK\/ADG\/ADGAdapters\/ADGFIVE\/ADGFIVE\/Sources\/FiveVideoRewardMediation.swift",
      "kind": "BooleanLiteral",
      "offset": 4458,
      "length": 5,
      "value": "false"
    },
    {
      "filePath": "\/Users\/qa-team\/ADG-iOS-SDK\/iOSSDK\/ADG\/ADGAdapters\/ADGFIVE\/ADGFIVE\/Sources\/FiveVideoRewardMediation.swift",
      "kind": "StringLiteral",
      "offset": 4707,
      "length": 9,
      "value": "\"clicked\""
    },
    {
      "filePath": "\/Users\/qa-team\/ADG-iOS-SDK\/iOSSDK\/ADG\/ADGAdapters\/ADGFIVE\/ADGFIVE\/Sources\/FiveVideoRewardMediation.swift",
      "kind": "StringLiteral",
      "offset": 4975,
      "length": 8,
      "value": "\"opened\""
    },
    {
      "filePath": "\/Users\/qa-team\/ADG-iOS-SDK\/iOSSDK\/ADG\/ADGAdapters\/ADGFIVE\/ADGFIVE\/Sources\/FiveVideoRewardMediation.swift",
      "kind": "StringLiteral",
      "offset": 5254,
      "length": 8,
      "value": "\"closed\""
    },
    {
      "filePath": "\/Users\/qa-team\/ADG-iOS-SDK\/iOSSDK\/ADG\/ADGAdapters\/ADGFIVE\/ADGFIVE\/Sources\/FiveVideoRewardMediation.swift",
      "kind": "StringLiteral",
      "offset": 5517,
      "length": 8,
      "value": "\"played\""
    },
    {
      "filePath": "\/Users\/qa-team\/ADG-iOS-SDK\/iOSSDK\/ADG\/ADGAdapters\/ADGFIVE\/ADGFIVE\/Sources\/FiveVideoRewardMediation.swift",
      "kind": "StringLiteral",
      "offset": 5732,
      "length": 8,
      "value": "\"paused\""
    },
    {
      "filePath": "\/Users\/qa-team\/ADG-iOS-SDK\/iOSSDK\/ADG\/ADGAdapters\/ADGFIVE\/ADGFIVE\/Sources\/FiveVideoRewardMediation.swift",
      "kind": "StringLiteral",
      "offset": 5956,
      "length": 11,
      "value": "\"completed\""
    },
    {
      "filePath": "\/Users\/qa-team\/ADG-iOS-SDK\/iOSSDK\/ADG\/ADGAdapters\/ADGFIVE\/ADGFIVE\/Sources\/FiveVideoRewardMediation.swift",
      "kind": "StringLiteral",
      "offset": 6244,
      "length": 12,
      "value": "\"impression\""
    },
    {
      "filePath": "\/Users\/qa-team\/ADG-iOS-SDK\/iOSSDK\/ADG\/ADGAdapters\/ADGFIVE\/ADGFIVE\/Sources\/FiveVideoRewardMediation.swift",
      "kind": "StringLiteral",
      "offset": 6525,
      "length": 25,
      "value": "\"failed to show Ad (%ld)\""
    }
  ]
}