{
  "ABIRoot": {
    "kind": "Root",
    "name": "TopLevel",
    "printedName": "TopLevel",
    "children": [
      {
        "kind": "Import",
        "name": "Foundation",
        "printedName": "Foundation",
        "declKind": "Import",
        "moduleName": "ADGFIVE",
        "declAttributes": [
          "RawDocComment"
        ]
      },
      {
        "kind": "Import",
        "name": "ADG",
        "printedName": "ADG",
        "declKind": "Import",
        "moduleName": "ADGFIVE"
      },
      {
        "kind": "Import",
        "name": "FiveAd",
        "printedName": "FiveAd",
        "declKind": "Import",
        "moduleName": "ADGFIVE"
      },
      {
        "kind": "Import",
        "name": "Foundation",
        "printedName": "Foundation",
        "declKind": "Import",
        "moduleName": "ADGFIVE",
        "declAttributes": [
          "RawDocComment"
        ]
      },
      {
        "kind": "Import",
        "name": "Foundation",
        "printedName": "Foundation",
        "declKind": "Import",
        "moduleName": "ADGFIVE",
        "declAttributes": [
          "RawDocComment"
        ]
      },
      {
        "kind": "Import",
        "name": "ADG",
        "printedName": "ADG",
        "declKind": "Import",
        "moduleName": "ADGFIVE"
      },
      {
        "kind": "Import",
        "name": "FiveAd",
        "printedName": "FiveAd",
        "declKind": "Import",
        "moduleName": "ADGFIVE"
      }
    ],
    "json_format_version": 8
  },
  "ConstValues": [
    {
      "filePath": "\/Users\/keisuke.kakinuma\/Documents\/ADG-iOS-SDK\/iOSSDK\/ADG\/ADGAdapters\/ADGFIVE\/ADGFIVE\/Sources\/FiveCustomLayoutMediation.swift",
      "kind": "FloatLiteral",
      "offset": 640,
      "length": 3,
      "value": "8.0"
    },
    {
      "filePath": "\/Users\/keisuke.kakinuma\/Documents\/ADG-iOS-SDK\/iOSSDK\/ADG\/ADGAdapters\/ADGFIVE\/ADGFIVE\/Sources\/FiveCustomLayoutMediation.swift",
      "kind": "StringLiteral",
      "offset": 747,
      "length": 7,
      "value": "\"appid\""
    },
    {
      "filePath": "\/Users\/keisuke.kakinuma\/Documents\/ADG-iOS-SDK\/iOSSDK\/ADG\/ADGAdapters\/ADGFIVE\/ADGFIVE\/Sources\/FiveCustomLayoutMediation.swift",
      "kind": "StringLiteral",
      "offset": 830,
      "length": 20,
      "value": "\"failed loadProcess\""
    },
    {
      "filePath": "\/Users\/keisuke.kakinuma\/Documents\/ADG-iOS-SDK\/iOSSDK\/ADG\/ADGAdapters\/ADGFIVE\/ADGFIVE\/Sources\/FiveCustomLayoutMediation.swift",
      "kind": "BooleanLiteral",
      "offset": 938,
      "length": 5,
      "value": "false"
    },
    {
      "filePath": "\/Users\/keisuke.kakinuma\/Documents\/ADG-iOS-SDK\/iOSSDK\/ADG\/ADGAdapters\/ADGFIVE\/ADGFIVE\/Sources\/FiveCustomLayoutMediation.swift",
      "kind": "StringLiteral",
      "offset": 1318,
      "length": 25,
      "value": "\"isConfigRegistered = %@\""
    },
    {
      "filePath": "\/Users\/keisuke.kakinuma\/Documents\/ADG-iOS-SDK\/iOSSDK\/ADG\/ADGAdapters\/ADGFIVE\/ADGFIVE\/Sources\/FiveCustomLayoutMediation.swift",
      "kind": "StringLiteral",
      "offset": 1366,
      "length": 5,
      "value": "\"YES\""
    },
    {
      "filePath": "\/Users\/keisuke.kakinuma\/Documents\/ADG-iOS-SDK\/iOSSDK\/ADG\/ADGAdapters\/ADGFIVE\/ADGFIVE\/Sources\/FiveCustomLayoutMediation.swift",
      "kind": "StringLiteral",
      "offset": 1374,
      "length": 4,
      "value": "\"NO\""
    },
    {
      "filePath": "\/Users\/keisuke.kakinuma\/Documents\/ADG-iOS-SDK\/iOSSDK\/ADG\/ADGAdapters\/ADGFIVE\/ADGFIVE\/Sources\/FiveCustomLayoutMediation.swift",
      "kind": "StringLiteral",
      "offset": 1586,
      "length": 35,
      "value": "\"FADSettings Config is registered.\""
    },
    {
      "filePath": "\/Users\/keisuke.kakinuma\/Documents\/ADG-iOS-SDK\/iOSSDK\/ADG\/ADGAdapters\/ADGFIVE\/ADGFIVE\/Sources\/FiveCustomLayoutMediation.swift",
      "kind": "BooleanLiteral",
      "offset": 2441,
      "length": 4,
      "value": "true"
    },
    {
      "filePath": "\/Users\/keisuke.kakinuma\/Documents\/ADG-iOS-SDK\/iOSSDK\/ADG\/ADGAdapters\/ADGFIVE\/ADGFIVE\/Sources\/FiveCustomLayoutMediation.swift",
      "kind": "IntegerLiteral",
      "offset": 3381,
      "length": 1,
      "value": "3"
    },
    {
      "filePath": "\/Users\/keisuke.kakinuma\/Documents\/ADG-iOS-SDK\/iOSSDK\/ADG\/ADGAdapters\/ADGFIVE\/ADGFIVE\/Sources\/FiveCustomLayoutMediation.swift",
      "kind": "StringLiteral",
      "offset": 3419,
      "length": 25,
      "value": "\"succeeded to receive Ad\""
    },
    {
      "filePath": "\/Users\/keisuke.kakinuma\/Documents\/ADG-iOS-SDK\/iOSSDK\/ADG\/ADGAdapters\/ADGFIVE\/ADGFIVE\/Sources\/FiveCustomLayoutMediation.swift",
      "kind": "StringLiteral",
      "offset": 3829,
      "length": 28,
      "value": "\"failed to receive Ad (%ld)\""
    },
    {
      "filePath": "\/Users\/keisuke.kakinuma\/Documents\/ADG-iOS-SDK\/iOSSDK\/ADG\/ADGAdapters\/ADGFIVE\/ADGFIVE\/Sources\/FiveCustomLayoutMediation.swift",
      "kind": "StringLiteral",
      "offset": 4213,
      "length": 9,
      "value": "\"clicked\""
    },
    {
      "filePath": "\/Users\/keisuke.kakinuma\/Documents\/ADG-iOS-SDK\/iOSSDK\/ADG\/ADGAdapters\/ADGFIVE\/ADGFIVE\/Sources\/FiveCustomLayoutMediation.swift",
      "kind": "StringLiteral",
      "offset": 4442,
      "length": 8,
      "value": "\"closed\""
    },
    {
      "filePath": "\/Users\/keisuke.kakinuma\/Documents\/ADG-iOS-SDK\/iOSSDK\/ADG\/ADGAdapters\/ADGFIVE\/ADGFIVE\/Sources\/FiveCustomLayoutMediation.swift",
      "kind": "StringLiteral",
      "offset": 4639,
      "length": 9,
      "value": "\"started\""
    },
    {
      "filePath": "\/Users\/keisuke.kakinuma\/Documents\/ADG-iOS-SDK\/iOSSDK\/ADG\/ADGAdapters\/ADGFIVE\/ADGFIVE\/Sources\/FiveCustomLayoutMediation.swift",
      "kind": "StringLiteral",
      "offset": 4843,
      "length": 8,
      "value": "\"paused\""
    },
    {
      "filePath": "\/Users\/keisuke.kakinuma\/Documents\/ADG-iOS-SDK\/iOSSDK\/ADG\/ADGAdapters\/ADGFIVE\/ADGFIVE\/Sources\/FiveCustomLayoutMediation.swift",
      "kind": "StringLiteral",
      "offset": 5059,
      "length": 9,
      "value": "\"resumed\""
    },
    {
      "filePath": "\/Users\/keisuke.kakinuma\/Documents\/ADG-iOS-SDK\/iOSSDK\/ADG\/ADGAdapters\/ADGFIVE\/ADGFIVE\/Sources\/FiveCustomLayoutMediation.swift",
      "kind": "StringLiteral",
      "offset": 5272,
      "length": 11,
      "value": "\"completed\""
    },
    {
      "filePath": "\/Users\/keisuke.kakinuma\/Documents\/ADG-iOS-SDK\/iOSSDK\/ADG\/ADGAdapters\/ADGFIVE\/ADGFIVE\/Sources\/FiveCustomLayoutMediation.swift",
      "kind": "StringLiteral",
      "offset": 5517,
      "length": 10,
      "value": "\"replayed\""
    },
    {
      "filePath": "\/Users\/keisuke.kakinuma\/Documents\/ADG-iOS-SDK\/iOSSDK\/ADG\/ADGAdapters\/ADGFIVE\/ADGFIVE\/Sources\/FiveCustomLayoutMediation.swift",
      "kind": "StringLiteral",
      "offset": 5884,
      "length": 9,
      "value": "\"stalled\""
    },
    {
      "filePath": "\/Users\/keisuke.kakinuma\/Documents\/ADG-iOS-SDK\/iOSSDK\/ADG\/ADGAdapters\/ADGFIVE\/ADGFIVE\/Sources\/FiveCustomLayoutMediation.swift",
      "kind": "StringLiteral",
      "offset": 6159,
      "length": 11,
      "value": "\"recovered\""
    },
    {
      "filePath": "\/Users\/keisuke.kakinuma\/Documents\/ADG-iOS-SDK\/iOSSDK\/ADG\/ADGAdapters\/ADGFIVE\/ADGFIVE\/Sources\/FiveCustomLayoutMediation.swift",
      "kind": "StringLiteral",
      "offset": 6400,
      "length": 12,
      "value": "\"impression\""
    },
    {
      "filePath": "\/Users\/keisuke.kakinuma\/Documents\/ADG-iOS-SDK\/iOSSDK\/ADG\/ADGAdapters\/ADGFIVE\/ADGFIVE\/Sources\/FiveCustomLayoutMediation.swift",
      "kind": "StringLiteral",
      "offset": 6669,
      "length": 25,
      "value": "\"failed to show Ad (%ld)\""
    },
    {
      "filePath": "\/Users\/keisuke.kakinuma\/Documents\/ADG-iOS-SDK\/iOSSDK\/ADG\/ADGAdapters\/ADGFIVE\/ADGFIVE\/Sources\/FiveVideoRewardMediation.swift",
      "kind": "BooleanLiteral",
      "offset": 616,
      "length": 5,
      "value": "false"
    },
    {
      "filePath": "\/Users\/keisuke.kakinuma\/Documents\/ADG-iOS-SDK\/iOSSDK\/ADG\/ADGAdapters\/ADGFIVE\/ADGFIVE\/Sources\/FiveVideoRewardMediation.swift",
      "kind": "FloatLiteral",
      "offset": 670,
      "length": 3,
      "value": "8.0"
    },
    {
      "filePath": "\/Users\/keisuke.kakinuma\/Documents\/ADG-iOS-SDK\/iOSSDK\/ADG\/ADGAdapters\/ADGFIVE\/ADGFIVE\/Sources\/FiveVideoRewardMediation.swift",
      "kind": "BooleanLiteral",
      "offset": 757,
      "length": 4,
      "value": "true"
    },
    {
      "filePath": "\/Users\/keisuke.kakinuma\/Documents\/ADG-iOS-SDK\/iOSSDK\/ADG\/ADGAdapters\/ADGFIVE\/ADGFIVE\/Sources\/FiveVideoRewardMediation.swift",
      "kind": "StringLiteral",
      "offset": 827,
      "length": 7,
      "value": "\"appid\""
    },
    {
      "filePath": "\/Users\/keisuke.kakinuma\/Documents\/ADG-iOS-SDK\/iOSSDK\/ADG\/ADGAdapters\/ADGFIVE\/ADGFIVE\/Sources\/FiveVideoRewardMediation.swift",
      "kind": "StringLiteral",
      "offset": 910,
      "length": 20,
      "value": "\"failed loadProcess\""
    },
    {
      "filePath": "\/Users\/keisuke.kakinuma\/Documents\/ADG-iOS-SDK\/iOSSDK\/ADG\/ADGAdapters\/ADGFIVE\/ADGFIVE\/Sources\/FiveVideoRewardMediation.swift",
      "kind": "BooleanLiteral",
      "offset": 1018,
      "length": 5,
      "value": "false"
    },
    {
      "filePath": "\/Users\/keisuke.kakinuma\/Documents\/ADG-iOS-SDK\/iOSSDK\/ADG\/ADGAdapters\/ADGFIVE\/ADGFIVE\/Sources\/FiveVideoRewardMediation.swift",
      "kind": "StringLiteral",
      "offset": 1398,
      "length": 25,
      "value": "\"isConfigRegistered = %@\""
    },
    {
      "filePath": "\/Users\/keisuke.kakinuma\/Documents\/ADG-iOS-SDK\/iOSSDK\/ADG\/ADGAdapters\/ADGFIVE\/ADGFIVE\/Sources\/FiveVideoRewardMediation.swift",
      "kind": "StringLiteral",
      "offset": 1446,
      "length": 5,
      "value": "\"YES\""
    },
    {
      "filePath": "\/Users\/keisuke.kakinuma\/Documents\/ADG-iOS-SDK\/iOSSDK\/ADG\/ADGAdapters\/ADGFIVE\/ADGFIVE\/Sources\/FiveVideoRewardMediation.swift",
      "kind": "StringLiteral",
      "offset": 1454,
      "length": 4,
      "value": "\"NO\""
    },
    {
      "filePath": "\/Users\/keisuke.kakinuma\/Documents\/ADG-iOS-SDK\/iOSSDK\/ADG\/ADGAdapters\/ADGFIVE\/ADGFIVE\/Sources\/FiveVideoRewardMediation.swift",
      "kind": "StringLiteral",
      "offset": 1666,
      "length": 35,
      "value": "\"FADSettings Config is registered.\""
    },
    {
      "filePath": "\/Users\/keisuke.kakinuma\/Documents\/ADG-iOS-SDK\/iOSSDK\/ADG\/ADGAdapters\/ADGFIVE\/ADGFIVE\/Sources\/FiveVideoRewardMediation.swift",
      "kind": "BooleanLiteral",
      "offset": 2481,
      "length": 4,
      "value": "true"
    },
    {
      "filePath": "\/Users\/keisuke.kakinuma\/Documents\/ADG-iOS-SDK\/iOSSDK\/ADG\/ADGAdapters\/ADGFIVE\/ADGFIVE\/Sources\/FiveVideoRewardMediation.swift",
      "kind": "IntegerLiteral",
      "offset": 2842,
      "length": 1,
      "value": "3"
    },
    {
      "filePath": "\/Users\/keisuke.kakinuma\/Documents\/ADG-iOS-SDK\/iOSSDK\/ADG\/ADGAdapters\/ADGFIVE\/ADGFIVE\/Sources\/FiveVideoRewardMediation.swift",
      "kind": "BooleanLiteral",
      "offset": 2981,
      "length": 4,
      "value": "true"
    },
    {
      "filePath": "\/Users\/keisuke.kakinuma\/Documents\/ADG-iOS-SDK\/iOSSDK\/ADG\/ADGAdapters\/ADGFIVE\/ADGFIVE\/Sources\/FiveVideoRewardMediation.swift",
      "kind": "BooleanLiteral",
      "offset": 3256,
      "length": 5,
      "value": "false"
    },
    {
      "filePath": "\/Users\/keisuke.kakinuma\/Documents\/ADG-iOS-SDK\/iOSSDK\/ADG\/ADGAdapters\/ADGFIVE\/ADGFIVE\/Sources\/FiveVideoRewardMediation.swift",
      "kind": "IntegerLiteral",
      "offset": 3716,
      "length": 1,
      "value": "3"
    },
    {
      "filePath": "\/Users\/keisuke.kakinuma\/Documents\/ADG-iOS-SDK\/iOSSDK\/ADG\/ADGAdapters\/ADGFIVE\/ADGFIVE\/Sources\/FiveVideoRewardMediation.swift",
      "kind": "StringLiteral",
      "offset": 3754,
      "length": 25,
      "value": "\"succeeded to receive Ad\""
    },
    {
      "filePath": "\/Users\/keisuke.kakinuma\/Documents\/ADG-iOS-SDK\/iOSSDK\/ADG\/ADGAdapters\/ADGFIVE\/ADGFIVE\/Sources\/FiveVideoRewardMediation.swift",
      "kind": "StringLiteral",
      "offset": 4167,
      "length": 28,
      "value": "\"failed to receive Ad (%ld)\""
    },
    {
      "filePath": "\/Users\/keisuke.kakinuma\/Documents\/ADG-iOS-SDK\/iOSSDK\/ADG\/ADGAdapters\/ADGFIVE\/ADGFIVE\/Sources\/FiveVideoRewardMediation.swift",
      "kind": "BooleanLiteral",
      "offset": 4347,
      "length": 5,
      "value": "false"
    },
    {
      "filePath": "\/Users\/keisuke.kakinuma\/Documents\/ADG-iOS-SDK\/iOSSDK\/ADG\/ADGAdapters\/ADGFIVE\/ADGFIVE\/Sources\/FiveVideoRewardMediation.swift",
      "kind": "StringLiteral",
      "offset": 4578,
      "length": 9,
      "value": "\"clicked\""
    },
    {
      "filePath": "\/Users\/keisuke.kakinuma\/Documents\/ADG-iOS-SDK\/iOSSDK\/ADG\/ADGAdapters\/ADGFIVE\/ADGFIVE\/Sources\/FiveVideoRewardMediation.swift",
      "kind": "StringLiteral",
      "offset": 4807,
      "length": 8,
      "value": "\"closed\""
    },
    {
      "filePath": "\/Users\/keisuke.kakinuma\/Documents\/ADG-iOS-SDK\/iOSSDK\/ADG\/ADGAdapters\/ADGFIVE\/ADGFIVE\/Sources\/FiveVideoRewardMediation.swift",
      "kind": "StringLiteral",
      "offset": 5041,
      "length": 9,
      "value": "\"started\""
    },
    {
      "filePath": "\/Users\/keisuke.kakinuma\/Documents\/ADG-iOS-SDK\/iOSSDK\/ADG\/ADGAdapters\/ADGFIVE\/ADGFIVE\/Sources\/FiveVideoRewardMediation.swift",
      "kind": "StringLiteral",
      "offset": 5245,
      "length": 8,
      "value": "\"paused\""
    },
    {
      "filePath": "\/Users\/keisuke.kakinuma\/Documents\/ADG-iOS-SDK\/iOSSDK\/ADG\/ADGAdapters\/ADGFIVE\/ADGFIVE\/Sources\/FiveVideoRewardMediation.swift",
      "kind": "StringLiteral",
      "offset": 5461,
      "length": 9,
      "value": "\"resumed\""
    },
    {
      "filePath": "\/Users\/keisuke.kakinuma\/Documents\/ADG-iOS-SDK\/iOSSDK\/ADG\/ADGAdapters\/ADGFIVE\/ADGFIVE\/Sources\/FiveVideoRewardMediation.swift",
      "kind": "StringLiteral",
      "offset": 5674,
      "length": 11,
      "value": "\"completed\""
    },
    {
      "filePath": "\/Users\/keisuke.kakinuma\/Documents\/ADG-iOS-SDK\/iOSSDK\/ADG\/ADGAdapters\/ADGFIVE\/ADGFIVE\/Sources\/FiveVideoRewardMediation.swift",
      "kind": "StringLiteral",
      "offset": 5919,
      "length": 10,
      "value": "\"replayed\""
    },
    {
      "filePath": "\/Users\/keisuke.kakinuma\/Documents\/ADG-iOS-SDK\/iOSSDK\/ADG\/ADGAdapters\/ADGFIVE\/ADGFIVE\/Sources\/FiveVideoRewardMediation.swift",
      "kind": "StringLiteral",
      "offset": 6286,
      "length": 9,
      "value": "\"stalled\""
    },
    {
      "filePath": "\/Users\/keisuke.kakinuma\/Documents\/ADG-iOS-SDK\/iOSSDK\/ADG\/ADGAdapters\/ADGFIVE\/ADGFIVE\/Sources\/FiveVideoRewardMediation.swift",
      "kind": "StringLiteral",
      "offset": 6561,
      "length": 11,
      "value": "\"recovered\""
    },
    {
      "filePath": "\/Users\/keisuke.kakinuma\/Documents\/ADG-iOS-SDK\/iOSSDK\/ADG\/ADGAdapters\/ADGFIVE\/ADGFIVE\/Sources\/FiveVideoRewardMediation.swift",
      "kind": "StringLiteral",
      "offset": 6802,
      "length": 12,
      "value": "\"impression\""
    },
    {
      "filePath": "\/Users\/keisuke.kakinuma\/Documents\/ADG-iOS-SDK\/iOSSDK\/ADG\/ADGAdapters\/ADGFIVE\/ADGFIVE\/Sources\/FiveVideoRewardMediation.swift",
      "kind": "StringLiteral",
      "offset": 7071,
      "length": 25,
      "value": "\"failed to show Ad (%ld)\""
    }
  ]
}